Date;Heure;Type;Nom;Places_Libres;Places_Totales
2025-12-28;21:57;Voiture;Antigone;165;239
2025-12-28;21:57;Voiture;Comedie;361;664
2025-12-28;21:57;Voiture;Corum;355;480
2025-12-28;21:57;Voiture;Europa;500;591
2025-12-28;21:57;Voiture;Foch;521;620
2025-12-28;21:57;Voiture;Gambetta;154;452
2025-12-28;21:57;Voiture;Gare;459;656
2025-12-28;21:57;Voiture;Triangle;327;434
2025-12-28;21:57;Voiture;Pitot;485;590
2025-12-28;21:57;Voiture;Circe;1029;1200
2025-12-28;21:57;Voiture;Garcia Lorca;383;400
2025-12-28;21:57;Voiture;Mosson;319;328
2025-12-28;21:57;Voiture;Sabines;194;285
2025-12-28;21:57;Voiture;Sablassou;297;379
2025-12-28;21:57;Voiture;Saint Jean Le Sec;244;285
2025-12-28;21:57;Voiture;Euromedecine;191;239
2025-12-28;21:57;Voiture;Occitanie;564;615
2025-12-28;21:57;Voiture;Vicarello;49;64
2025-12-28;21:57;Voiture;Gaumont EST;74;109
2025-12-28;21:57;Voiture;Gaumont OUEST;5;250
2025-12-28;21:57;Voiture;Charles de Gaulle;168;260
2025-12-28;21:57;Voiture;Polygone;1622;1911
2025-12-28;21:57;Voiture;Arc de Triomphe;137;440
2025-12-28;21:57;Voiture;Gaumont-Circe;199;500
2025-12-28;21:57;Velo;Rue Jules Ferry - Gare Saint-Roch;11;12
2025-12-28;21:57;Velo;Comédie;15;20
2025-12-28;21:57;Velo;Hôtel de Ville;7;16
2025-12-28;21:57;Velo;Corum;4;12
2025-12-28;21:57;Velo;Place Albert 1er - St Charles;18;27
2025-12-28;21:57;Velo;Foch;1;8
2025-12-28;21:57;Velo;Halles Castellane;12;12
2025-12-28;21:57;Velo;Observatoire;3;8
2025-12-28;21:57;Velo;Rondelet;10;16
2025-12-28;21:57;Velo;Plan Cabanes;5;12
2025-12-28;21:57;Velo;Boutonnet;7;12
2025-12-28;21:57;Velo;Emile Combes;5;8
2025-12-28;21:57;Velo;Beaux-Arts;6;16
2025-12-28;21:57;Velo;Les Aubes;3;8
2025-12-28;21:57;Velo;Antigone centre;3;12
2025-12-28;21:57;Velo;Médiathèque Emile Zola;8;16
2025-12-28;21:57;Velo;Nombre d Or;9;16
2025-12-28;21:57;Velo;Louis Blanc;10;16
2025-12-28;21:57;Velo;Gambetta;3;8
2025-12-28;21:57;Velo;Port Marianne;9;16
2025-12-28;21:57;Velo;Les Arceaux;3;8
2025-12-28;21:57;Velo;Cité Mion;3;8
2025-12-28;21:57;Velo;Nouveau Saint-Roch;2;8
2025-12-28;21:57;Velo;Renouvier;8;8
2025-12-28;21:57;Velo;Odysseum;8;8
2025-12-28;21:57;Velo;Saint-Denis;8;8
2025-12-28;21:57;Velo;Richter;9;16
2025-12-28;21:57;Velo;Charles Flahault;8;8
2025-12-28;21:57;Velo;Voltaire;3;8
2025-12-28;21:57;Velo;Prés d Arènes;6;8
2025-12-28;21:57;Velo;Garcia Lorca;2;8
2025-12-28;21:57;Velo;Vert Bois;12;16
2025-12-28;21:57;Velo;Malbosc;7;8
2025-12-28;21:57;Velo;Occitanie;22;32
2025-12-28;21:57;Velo;FacdesSciences;15;24
2025-12-28;21:57;Velo;Fac de Lettres;8;12
2025-12-28;21:57;Velo;Aiguelongue;6;8
2025-12-28;21:57;Velo;Jeu de Mail des Abbés;7;8
2025-12-28;21:57;Velo;Euromédecine;7;8
2025-12-28;21:57;Velo;Marie Caizergues;4;8
2025-12-28;21:57;Velo;Sabines;8;8
2025-12-28;21:57;Velo;Celleneuve;4;8
2025-12-28;21:57;Velo;Jardin de la Lironde;2;8
2025-12-28;21:57;Velo;Père Soulas;1;8
2025-12-28;21:57;Velo;Place Viala;2;8
2025-12-28;21:57;Velo;Hôtel du Département;3;8
2025-12-28;21:57;Velo;Tonnelles;7;8
2025-12-28;21:57;Velo;Parvis Jules Ferry - Gare Saint-Roch;4;8
2025-12-28;21:57;Velo;Pont de Lattes - Gare Saint-Roch;10;12
2025-12-28;21:57;Velo;Deux Ponts - Gare Saint-Roch;8;8
2025-12-28;21:57;Velo;Providence - Ovalie;5;8
2025-12-28;21:57;Velo;Pérols Etang de l Or;14;68
2025-12-28;21:57;Velo;Albert 1er - Cathédrale;11;12
2025-12-28;21:57;Velo;Saint-Guilhem - Courreau;5;8
2025-12-28;21:57;Velo;Sud De France;3;8
2025-12-28;21:57;Velo;Comedie Baudin;8;8
2025-12-28;21:57;Velo;Jean de Beins;15;16
2025-12-28;22:24;Voiture;Antigone;166;239
2025-12-28;22:24;Voiture;Comedie;374;664
2025-12-28;22:24;Voiture;Corum;359;480
2025-12-28;22:24;Voiture;Europa;499;591
2025-12-28;22:24;Voiture;Foch;539;620
2025-12-28;22:24;Voiture;Gambetta;153;452
2025-12-28;22:24;Voiture;Gare;452;656
2025-12-28;22:24;Voiture;Triangle;333;434
2025-12-28;22:24;Voiture;Pitot;497;590
2025-12-28;22:24;Voiture;Circe;1041;1200
2025-12-28;22:24;Voiture;Garcia Lorca;383;400
2025-12-28;22:24;Voiture;Mosson;320;328
2025-12-28;22:24;Voiture;Sabines;194;285
2025-12-28;22:24;Voiture;Sablassou;297;379
2025-12-28;22:24;Voiture;Saint Jean Le Sec;244;285
2025-12-28;22:24;Voiture;Euromedecine;191;239
2025-12-28;22:24;Voiture;Occitanie;565;615
2025-12-28;22:24;Voiture;Vicarello;49;64
2025-12-28;22:24;Voiture;Gaumont EST;74;109
2025-12-28;22:24;Voiture;Gaumont OUEST;5;250
2025-12-28;22:24;Voiture;Charles de Gaulle;169;260
2025-12-28;22:24;Voiture;Polygone;1646;1911
2025-12-28;22:24;Voiture;Arc de Triomphe;139;440
2025-12-28;22:24;Voiture;Gaumont-Circe;199;500
2025-12-28;22:24;Velo;Rue Jules Ferry - Gare Saint-Roch;11;12
2025-12-28;22:24;Velo;Comédie;15;20
2025-12-28;22:24;Velo;Hôtel de Ville;7;16
2025-12-28;22:24;Velo;Corum;4;12
2025-12-28;22:24;Velo;Place Albert 1er - St Charles;18;27
2025-12-28;22:24;Velo;Foch;1;8
2025-12-28;22:24;Velo;Halles Castellane;12;12
2025-12-28;22:24;Velo;Observatoire;3;8
2025-12-28;22:24;Velo;Rondelet;10;16
2025-12-28;22:24;Velo;Plan Cabanes;5;12
2025-12-28;22:24;Velo;Boutonnet;7;12
2025-12-28;22:24;Velo;Emile Combes;5;8
2025-12-28;22:24;Velo;Beaux-Arts;6;16
2025-12-28;22:24;Velo;Les Aubes;2;8
2025-12-28;22:24;Velo;Antigone centre;3;12
2025-12-28;22:24;Velo;Médiathèque Emile Zola;11;16
2025-12-28;22:24;Velo;Nombre d Or;9;16
2025-12-28;22:24;Velo;Louis Blanc;10;16
2025-12-28;22:24;Velo;Gambetta;3;8
2025-12-28;22:24;Velo;Port Marianne;9;16
2025-12-28;22:24;Velo;Les Arceaux;3;8
2025-12-28;22:24;Velo;Cité Mion;3;8
2025-12-28;22:24;Velo;Nouveau Saint-Roch;2;8
2025-12-28;22:24;Velo;Renouvier;8;8
2025-12-28;22:24;Velo;Odysseum;8;8
2025-12-28;22:24;Velo;Saint-Denis;8;8
2025-12-28;22:24;Velo;Richter;9;16
2025-12-28;22:24;Velo;Charles Flahault;8;8
2025-12-28;22:24;Velo;Voltaire;3;8
2025-12-28;22:24;Velo;Prés d Arènes;6;8
2025-12-28;22:24;Velo;Garcia Lorca;2;8
2025-12-28;22:24;Velo;Vert Bois;12;16
2025-12-28;22:24;Velo;Malbosc;7;8
2025-12-28;22:24;Velo;Occitanie;22;32
2025-12-28;22:24;Velo;FacdesSciences;15;24
2025-12-28;22:24;Velo;Fac de Lettres;8;12
2025-12-28;22:24;Velo;Aiguelongue;6;8
2025-12-28;22:24;Velo;Jeu de Mail des Abbés;7;8
2025-12-28;22:24;Velo;Euromédecine;7;8
2025-12-28;22:24;Velo;Marie Caizergues;4;8
2025-12-28;22:24;Velo;Sabines;8;8
2025-12-28;22:24;Velo;Celleneuve;4;8
2025-12-28;22:24;Velo;Jardin de la Lironde;2;8
2025-12-28;22:24;Velo;Père Soulas;1;8
2025-12-28;22:24;Velo;Place Viala;2;8
2025-12-28;22:24;Velo;Hôtel du Département;3;8
2025-12-28;22:24;Velo;Tonnelles;7;8
2025-12-28;22:24;Velo;Parvis Jules Ferry - Gare Saint-Roch;4;8
2025-12-28;22:24;Velo;Pont de Lattes - Gare Saint-Roch;10;12
2025-12-28;22:24;Velo;Deux Ponts - Gare Saint-Roch;8;8
2025-12-28;22:24;Velo;Providence - Ovalie;5;8
2025-12-28;22:24;Velo;Pérols Etang de l Or;14;68
2025-12-28;22:24;Velo;Albert 1er - Cathédrale;11;12
2025-12-28;22:24;Velo;Saint-Guilhem - Courreau;5;8
2025-12-28;22:24;Velo;Sud De France;3;8
2025-12-28;22:24;Velo;Comedie Baudin;8;8
2025-12-28;22:24;Velo;Jean de Beins;15;16
2025-12-28;22:45;Voiture;Antigone;166;239
2025-12-28;22:45;Voiture;Comedie;389;664
2025-12-28;22:45;Voiture;Corum;361;480
2025-12-28;22:45;Voiture;Europa;500;591
2025-12-28;22:45;Voiture;Foch;551;620
2025-12-28;22:45;Voiture;Gambetta;152;452
2025-12-28;22:45;Voiture;Gare;461;656
2025-12-28;22:45;Voiture;Triangle;332;434
2025-12-28;22:45;Voiture;Pitot;503;590
2025-12-28;22:45;Voiture;Circe;1046;1200
2025-12-28;22:45;Voiture;Garcia Lorca;383;400
2025-12-28;22:45;Voiture;Mosson;320;328
2025-12-28;22:45;Voiture;Sabines;194;285
2025-12-28;22:45;Voiture;Sablassou;297;379
2025-12-28;22:45;Voiture;Saint Jean Le Sec;245;285
2025-12-28;22:45;Voiture;Euromedecine;191;239
2025-12-28;22:45;Voiture;Occitanie;565;615
2025-12-28;22:45;Voiture;Vicarello;49;64
2025-12-28;22:45;Voiture;Gaumont EST;74;109
2025-12-28;22:45;Voiture;Gaumont OUEST;5;250
2025-12-28;22:45;Voiture;Charles de Gaulle;168;260
2025-12-28;22:45;Voiture;Polygone;1671;1911
2025-12-28;22:45;Voiture;Arc de Triomphe;143;440
2025-12-28;22:45;Voiture;Gaumont-Circe;199;500
2025-12-28;22:45;Velo;Rue Jules Ferry - Gare Saint-Roch;11;12
2025-12-28;22:45;Velo;Comédie;15;20
2025-12-28;22:45;Velo;Hôtel de Ville;7;16
2025-12-28;22:45;Velo;Corum;4;12
2025-12-28;22:45;Velo;Place Albert 1er - St Charles;18;27
2025-12-28;22:45;Velo;Foch;1;8
2025-12-28;22:45;Velo;Halles Castellane;12;12
2025-12-28;22:45;Velo;Observatoire;3;8
2025-12-28;22:45;Velo;Rondelet;10;16
2025-12-28;22:45;Velo;Plan Cabanes;5;12
2025-12-28;22:45;Velo;Boutonnet;7;12
2025-12-28;22:45;Velo;Emile Combes;5;8
2025-12-28;22:45;Velo;Beaux-Arts;6;16
2025-12-28;22:45;Velo;Les Aubes;2;8
2025-12-28;22:45;Velo;Antigone centre;3;12
2025-12-28;22:45;Velo;Médiathèque Emile Zola;11;16
2025-12-28;22:45;Velo;Nombre d Or;9;16
2025-12-28;22:45;Velo;Louis Blanc;11;16
2025-12-28;22:45;Velo;Gambetta;3;8
2025-12-28;22:45;Velo;Port Marianne;9;16
2025-12-28;22:45;Velo;Les Arceaux;3;8
2025-12-28;22:45;Velo;Cité Mion;3;8
2025-12-28;22:45;Velo;Nouveau Saint-Roch;2;8
2025-12-28;22:45;Velo;Renouvier;8;8
2025-12-28;22:45;Velo;Odysseum;8;8
2025-12-28;22:45;Velo;Saint-Denis;8;8
2025-12-28;22:45;Velo;Richter;9;16
2025-12-28;22:45;Velo;Charles Flahault;8;8
2025-12-28;22:45;Velo;Voltaire;3;8
2025-12-28;22:45;Velo;Prés d Arènes;6;8
2025-12-28;22:45;Velo;Garcia Lorca;2;8
2025-12-28;22:45;Velo;Vert Bois;12;16
2025-12-28;22:45;Velo;Malbosc;7;8
2025-12-28;22:45;Velo;Occitanie;22;32
2025-12-28;22:45;Velo;FacdesSciences;15;24
2025-12-28;22:45;Velo;Fac de Lettres;8;12
2025-12-28;22:45;Velo;Aiguelongue;6;8
2025-12-28;22:45;Velo;Jeu de Mail des Abbés;7;8
2025-12-28;22:45;Velo;Euromédecine;7;8
2025-12-28;22:45;Velo;Marie Caizergues;4;8
2025-12-28;22:45;Velo;Sabines;8;8
2025-12-28;22:45;Velo;Celleneuve;4;8
2025-12-28;22:45;Velo;Jardin de la Lironde;2;8
2025-12-28;22:45;Velo;Père Soulas;1;8
2025-12-28;22:45;Velo;Place Viala;2;8
2025-12-28;22:45;Velo;Hôtel du Département;3;8
2025-12-28;22:45;Velo;Tonnelles;7;8
2025-12-28;22:45;Velo;Parvis Jules Ferry - Gare Saint-Roch;4;8
2025-12-28;22:45;Velo;Pont de Lattes - Gare Saint-Roch;10;12
2025-12-28;22:45;Velo;Deux Ponts - Gare Saint-Roch;8;8
2025-12-28;22:45;Velo;Providence - Ovalie;5;8
2025-12-28;22:45;Velo;Pérols Etang de l Or;14;68
2025-12-28;22:45;Velo;Albert 1er - Cathédrale;11;12
2025-12-28;22:45;Velo;Saint-Guilhem - Courreau;5;8
2025-12-28;22:45;Velo;Sud De France;3;8
2025-12-28;22:45;Velo;Comedie Baudin;8;8
2025-12-28;22:45;Velo;Jean de Beins;15;16
2025-12-28;23:23;Voiture;Antigone;165;239
2025-12-28;23:23;Voiture;Comedie;401;664
2025-12-28;23:23;Voiture;Corum;365;480
2025-12-28;23:23;Voiture;Europa;500;591
2025-12-28;23:23;Voiture;Foch;558;620
2025-12-28;23:23;Voiture;Gambetta;155;452
2025-12-28;23:23;Voiture;Gare;465;656
2025-12-28;23:23;Voiture;Triangle;336;434
2025-12-28;23:23;Voiture;Pitot;512;590
2025-12-28;23:23;Voiture;Circe;1061;1200
2025-12-28;23:23;Voiture;Garcia Lorca;383;400
2025-12-28;23:23;Voiture;Mosson;322;328
2025-12-28;23:23;Voiture;Sabines;195;285
2025-12-28;23:23;Voiture;Sablassou;297;379
2025-12-28;23:23;Voiture;Saint Jean Le Sec;245;285
2025-12-28;23:23;Voiture;Euromedecine;190;239
2025-12-28;23:23;Voiture;Occitanie;565;615
2025-12-28;23:23;Voiture;Vicarello;49;64
2025-12-28;23:23;Voiture;Gaumont EST;74;109
2025-12-28;23:23;Voiture;Gaumont OUEST;5;250
2025-12-28;23:23;Voiture;Charles de Gaulle;168;260
2025-12-28;23:23;Voiture;Polygone;1679;1911
2025-12-28;23:23;Voiture;Arc de Triomphe;148;440
2025-12-28;23:23;Voiture;Gaumont-Circe;199;500
2025-12-28;23:23;Velo;Rue Jules Ferry - Gare Saint-Roch;11;12
2025-12-28;23:23;Velo;Comédie;15;20
2025-12-28;23:23;Velo;Hôtel de Ville;7;16
2025-12-28;23:23;Velo;Corum;4;12
2025-12-28;23:23;Velo;Place Albert 1er - St Charles;18;27
2025-12-28;23:23;Velo;Foch;1;8
2025-12-28;23:23;Velo;Halles Castellane;12;12
2025-12-28;23:23;Velo;Observatoire;3;8
2025-12-28;23:23;Velo;Rondelet;10;16
2025-12-28;23:23;Velo;Plan Cabanes;5;12
2025-12-28;23:23;Velo;Boutonnet;4;12
2025-12-28;23:23;Velo;Emile Combes;5;8
2025-12-28;23:23;Velo;Beaux-Arts;6;16
2025-12-28;23:23;Velo;Les Aubes;2;8
2025-12-28;23:23;Velo;Antigone centre;3;12
2025-12-28;23:23;Velo;Médiathèque Emile Zola;11;16
2025-12-28;23:23;Velo;Nombre d Or;9;16
2025-12-28;23:23;Velo;Louis Blanc;11;16
2025-12-28;23:23;Velo;Gambetta;3;8
2025-12-28;23:23;Velo;Port Marianne;9;16
2025-12-28;23:23;Velo;Les Arceaux;3;8
2025-12-28;23:23;Velo;Cité Mion;3;8
2025-12-28;23:23;Velo;Nouveau Saint-Roch;2;8
2025-12-28;23:23;Velo;Renouvier;8;8
2025-12-28;23:23;Velo;Odysseum;8;8
2025-12-28;23:23;Velo;Saint-Denis;8;8
2025-12-28;23:23;Velo;Richter;9;16
2025-12-28;23:23;Velo;Charles Flahault;8;8
2025-12-28;23:23;Velo;Voltaire;3;8
2025-12-28;23:23;Velo;Prés d Arènes;6;8
2025-12-28;23:23;Velo;Garcia Lorca;2;8
2025-12-28;23:23;Velo;Vert Bois;12;16
2025-12-28;23:23;Velo;Malbosc;7;8
2025-12-28;23:23;Velo;Occitanie;22;32
2025-12-28;23:23;Velo;FacdesSciences;15;24
2025-12-28;23:23;Velo;Fac de Lettres;8;12
2025-12-28;23:23;Velo;Aiguelongue;5;8
2025-12-28;23:23;Velo;Jeu de Mail des Abbés;7;8
2025-12-28;23:23;Velo;Euromédecine;7;8
2025-12-28;23:23;Velo;Marie Caizergues;4;8
2025-12-28;23:23;Velo;Sabines;8;8
2025-12-28;23:23;Velo;Celleneuve;4;8
2025-12-28;23:23;Velo;Jardin de la Lironde;2;8
2025-12-28;23:23;Velo;Père Soulas;1;8
2025-12-28;23:23;Velo;Place Viala;2;8
2025-12-28;23:23;Velo;Hôtel du Département;3;8
2025-12-28;23:23;Velo;Tonnelles;7;8
2025-12-28;23:23;Velo;Parvis Jules Ferry - Gare Saint-Roch;4;8
2025-12-28;23:23;Velo;Pont de Lattes - Gare Saint-Roch;10;12
2025-12-28;23:23;Velo;Deux Ponts - Gare Saint-Roch;8;8
2025-12-28;23:23;Velo;Providence - Ovalie;5;8
2025-12-28;23:23;Velo;Pérols Etang de l Or;14;68
2025-12-28;23:23;Velo;Albert 1er - Cathédrale;11;12
2025-12-28;23:23;Velo;Saint-Guilhem - Courreau;5;8
2025-12-28;23:23;Velo;Sud De France;3;8
2025-12-28;23:23;Velo;Comedie Baudin;8;8
2025-12-28;23:23;Velo;Jean de Beins;15;16
2025-12-28;23:42;Voiture;Antigone;165;239
2025-12-28;23:42;Voiture;Comedie;405;664
2025-12-28;23:42;Voiture;Corum;366;480
2025-12-28;23:42;Voiture;Europa;500;591
2025-12-28;23:42;Voiture;Foch;567;620
2025-12-28;23:42;Voiture;Gambetta;155;452
2025-12-28;23:42;Voiture;Gare;465;656
2025-12-28;23:42;Voiture;Triangle;339;434
2025-12-28;23:42;Voiture;Pitot;515;590
2025-12-28;23:42;Voiture;Circe;1065;1200
2025-12-28;23:42;Voiture;Garcia Lorca;383;400
2025-12-28;23:42;Voiture;Mosson;322;328
2025-12-28;23:42;Voiture;Sabines;195;285
2025-12-28;23:42;Voiture;Sablassou;297;379
2025-12-28;23:42;Voiture;Saint Jean Le Sec;245;285
2025-12-28;23:42;Voiture;Euromedecine;192;239
2025-12-28;23:42;Voiture;Occitanie;567;615
2025-12-28;23:42;Voiture;Vicarello;49;64
2025-12-28;23:42;Voiture;Gaumont EST;74;109
2025-12-28;23:42;Voiture;Gaumont OUEST;5;250
2025-12-28;23:42;Voiture;Charles de Gaulle;169;260
2025-12-28;23:42;Voiture;Polygone;1685;1911
2025-12-28;23:42;Voiture;Arc de Triomphe;151;440
2025-12-28;23:42;Voiture;Gaumont-Circe;199;500
2025-12-28;23:42;Velo;Rue Jules Ferry - Gare Saint-Roch;11;12
2025-12-28;23:42;Velo;Comédie;15;20
2025-12-28;23:42;Velo;Hôtel de Ville;7;16
2025-12-28;23:42;Velo;Corum;4;12
2025-12-28;23:42;Velo;Place Albert 1er - St Charles;18;27
2025-12-28;23:42;Velo;Foch;2;8
2025-12-28;23:42;Velo;Halles Castellane;12;12
2025-12-28;23:42;Velo;Observatoire;3;8
2025-12-28;23:42;Velo;Rondelet;10;16
2025-12-28;23:42;Velo;Plan Cabanes;5;12
2025-12-28;23:42;Velo;Boutonnet;4;12
2025-12-28;23:42;Velo;Emile Combes;5;8
2025-12-28;23:42;Velo;Beaux-Arts;6;16
2025-12-28;23:42;Velo;Les Aubes;2;8
2025-12-28;23:42;Velo;Antigone centre;3;12
2025-12-28;23:42;Velo;Médiathèque Emile Zola;11;16
2025-12-28;23:42;Velo;Nombre d Or;9;16
2025-12-28;23:42;Velo;Louis Blanc;11;16
2025-12-28;23:42;Velo;Gambetta;3;8
2025-12-28;23:42;Velo;Port Marianne;9;16
2025-12-28;23:42;Velo;Les Arceaux;3;8
2025-12-28;23:42;Velo;Cité Mion;3;8
2025-12-28;23:42;Velo;Nouveau Saint-Roch;2;8
2025-12-28;23:42;Velo;Renouvier;8;8
2025-12-28;23:42;Velo;Odysseum;8;8
2025-12-28;23:42;Velo;Saint-Denis;8;8
2025-12-28;23:42;Velo;Richter;9;16
2025-12-28;23:42;Velo;Charles Flahault;8;8
2025-12-28;23:42;Velo;Voltaire;3;8
2025-12-28;23:42;Velo;Prés d Arènes;6;8
2025-12-28;23:42;Velo;Garcia Lorca;2;8
2025-12-28;23:42;Velo;Vert Bois;12;16
2025-12-28;23:42;Velo;Malbosc;7;8
2025-12-28;23:42;Velo;Occitanie;22;32
2025-12-28;23:42;Velo;FacdesSciences;15;24
2025-12-28;23:42;Velo;Fac de Lettres;8;12
2025-12-28;23:42;Velo;Aiguelongue;5;8
2025-12-28;23:42;Velo;Jeu de Mail des Abbés;7;8
2025-12-28;23:42;Velo;Euromédecine;7;8
2025-12-28;23:42;Velo;Marie Caizergues;4;8
2025-12-28;23:42;Velo;Sabines;8;8
2025-12-28;23:42;Velo;Celleneuve;4;8
2025-12-28;23:42;Velo;Jardin de la Lironde;2;8
2025-12-28;23:42;Velo;Père Soulas;1;8
2025-12-28;23:42;Velo;Place Viala;2;8
2025-12-28;23:42;Velo;Hôtel du Département;3;8
2025-12-28;23:42;Velo;Tonnelles;7;8
2025-12-28;23:42;Velo;Parvis Jules Ferry - Gare Saint-Roch;4;8
2025-12-28;23:42;Velo;Pont de Lattes - Gare Saint-Roch;10;12
2025-12-28;23:42;Velo;Deux Ponts - Gare Saint-Roch;8;8
2025-12-28;23:42;Velo;Providence - Ovalie;5;8
2025-12-28;23:42;Velo;Pérols Etang de l Or;14;68
2025-12-28;23:42;Velo;Albert 1er - Cathédrale;11;12
2025-12-28;23:42;Velo;Saint-Guilhem - Courreau;5;8
2025-12-28;23:42;Velo;Sud De France;3;8
2025-12-28;23:42;Velo;Comedie Baudin;8;8
2025-12-28;23:42;Velo;Jean de Beins;15;16
2025-12-29;02:10;Voiture;Antigone;165;239
2025-12-29;02:10;Voiture;Comedie;419;664
2025-12-29;02:10;Voiture;Corum;367;480
2025-12-29;02:10;Voiture;Europa;500;591
2025-12-29;02:10;Voiture;Foch;587;620
2025-12-29;02:10;Voiture;Gambetta;150;452
2025-12-29;02:10;Voiture;Gare;466;656
2025-12-29;02:10;Voiture;Triangle;342;434
2025-12-29;02:10;Voiture;Pitot;518;590
2025-12-29;02:10;Voiture;Circe;1086;1200
2025-12-29;02:10;Voiture;Garcia Lorca;383;400
2025-12-29;02:10;Voiture;Mosson;322;328
2025-12-29;02:10;Voiture;Sabines;194;285
2025-12-29;02:10;Voiture;Sablassou;297;379
2025-12-29;02:10;Voiture;Saint Jean Le Sec;245;285
2025-12-29;02:10;Voiture;Euromedecine;192;239
2025-12-29;02:10;Voiture;Occitanie;567;615
2025-12-29;02:10;Voiture;Vicarello;48;64
2025-12-29;02:10;Voiture;Gaumont EST;74;109
2025-12-29;02:10;Voiture;Gaumont OUEST;5;250
2025-12-29;02:10;Voiture;Charles de Gaulle;165;260
2025-12-29;02:10;Voiture;Polygone;1696;1911
2025-12-29;02:10;Voiture;Arc de Triomphe;153;440
2025-12-29;02:10;Voiture;Gaumont-Circe;199;500
2025-12-29;02:10;Velo;Rue Jules Ferry - Gare Saint-Roch;11;12
2025-12-29;02:10;Velo;Comédie;14;20
2025-12-29;02:10;Velo;Hôtel de Ville;9;16
2025-12-29;02:10;Velo;Corum;4;12
2025-12-29;02:10;Velo;Place Albert 1er - St Charles;18;27
2025-12-29;02:10;Velo;Foch;2;8
2025-12-29;02:10;Velo;Halles Castellane;12;12
2025-12-29;02:10;Velo;Observatoire;7;8
2025-12-29;02:10;Velo;Rondelet;10;16
2025-12-29;02:10;Velo;Plan Cabanes;6;12
2025-12-29;02:10;Velo;Boutonnet;6;12
2025-12-29;02:10;Velo;Emile Combes;5;8
2025-12-29;02:10;Velo;Beaux-Arts;6;16
2025-12-29;02:10;Velo;Les Aubes;2;8
2025-12-29;02:10;Velo;Antigone centre;3;12
2025-12-29;02:10;Velo;Médiathèque Emile Zola;11;16
2025-12-29;02:10;Velo;Nombre d Or;9;16
2025-12-29;02:10;Velo;Louis Blanc;11;16
2025-12-29;02:10;Velo;Gambetta;1;8
2025-12-29;02:10;Velo;Port Marianne;9;16
2025-12-29;02:10;Velo;Les Arceaux;3;8
2025-12-29;02:10;Velo;Cité Mion;3;8
2025-12-29;02:10;Velo;Nouveau Saint-Roch;1;8
2025-12-29;02:10;Velo;Renouvier;7;8
2025-12-29;02:10;Velo;Odysseum;8;8
2025-12-29;02:10;Velo;Saint-Denis;8;8
2025-12-29;02:10;Velo;Richter;9;16
2025-12-29;02:10;Velo;Charles Flahault;8;8
2025-12-29;02:10;Velo;Voltaire;3;8
2025-12-29;02:10;Velo;Prés d Arènes;2;8
2025-12-29;02:10;Velo;Garcia Lorca;1;8
2025-12-29;02:10;Velo;Vert Bois;12;16
2025-12-29;02:10;Velo;Malbosc;7;8
2025-12-29;02:10;Velo;Occitanie;20;32
2025-12-29;02:10;Velo;FacdesSciences;15;24
2025-12-29;02:10;Velo;Fac de Lettres;8;12
2025-12-29;02:10;Velo;Aiguelongue;5;8
2025-12-29;02:10;Velo;Jeu de Mail des Abbés;7;8
2025-12-29;02:10;Velo;Euromédecine;7;8
2025-12-29;02:10;Velo;Marie Caizergues;5;8
2025-12-29;02:10;Velo;Sabines;8;8
2025-12-29;02:10;Velo;Celleneuve;4;8
2025-12-29;02:10;Velo;Jardin de la Lironde;4;8
2025-12-29;02:10;Velo;Père Soulas;1;8
2025-12-29;02:10;Velo;Place Viala;2;8
2025-12-29;02:10;Velo;Hôtel du Département;3;8
2025-12-29;02:10;Velo;Tonnelles;7;8
2025-12-29;02:10;Velo;Parvis Jules Ferry - Gare Saint-Roch;4;8
2025-12-29;02:10;Velo;Pont de Lattes - Gare Saint-Roch;10;12
2025-12-29;02:10;Velo;Deux Ponts - Gare Saint-Roch;8;8
2025-12-29;02:10;Velo;Providence - Ovalie;8;8
2025-12-29;02:10;Velo;Pérols Etang de l Or;14;68
2025-12-29;02:10;Velo;Albert 1er - Cathédrale;11;12
2025-12-29;02:10;Velo;Saint-Guilhem - Courreau;5;8
2025-12-29;02:10;Velo;Sud De France;3;8
2025-12-29;02:10;Velo;Comedie Baudin;8;8
2025-12-29;02:10;Velo;Jean de Beins;15;16
2025-12-29;04:01;Voiture;Antigone;164;239
2025-12-29;04:01;Voiture;Comedie;422;664
2025-12-29;04:01;Voiture;Corum;365;480
2025-12-29;04:01;Voiture;Europa;500;591
2025-12-29;04:01;Voiture;Foch;589;620
2025-12-29;04:01;Voiture;Gambetta;157;452
2025-12-29;04:01;Voiture;Gare;463;656
2025-12-29;04:01;Voiture;Triangle;342;434
2025-12-29;04:01;Voiture;Pitot;519;590
2025-12-29;04:01;Voiture;Circe;1086;1200
2025-12-29;04:01;Voiture;Garcia Lorca;383;400
2025-12-29;04:01;Voiture;Mosson;320;328
2025-12-29;04:01;Voiture;Sabines;191;285
2025-12-29;04:01;Voiture;Sablassou;297;379
2025-12-29;04:01;Voiture;Saint Jean Le Sec;245;285
2025-12-29;04:01;Voiture;Euromedecine;192;239
2025-12-29;04:01;Voiture;Occitanie;567;615
2025-12-29;04:01;Voiture;Vicarello;48;64
2025-12-29;04:01;Voiture;Gaumont EST;74;109
2025-12-29;04:01;Voiture;Gaumont OUEST;5;250
2025-12-29;04:01;Voiture;Charles de Gaulle;166;260
2025-12-29;04:01;Voiture;Polygone;1694;1911
2025-12-29;04:01;Voiture;Arc de Triomphe;154;440
2025-12-29;04:01;Voiture;Gaumont-Circe;199;500
2025-12-29;04:01;Velo;Rue Jules Ferry - Gare Saint-Roch;10;12
2025-12-29;04:01;Velo;Comédie;14;20
2025-12-29;04:01;Velo;Hôtel de Ville;9;16
2025-12-29;04:01;Velo;Corum;4;12
2025-12-29;04:01;Velo;Place Albert 1er - St Charles;18;27
2025-12-29;04:01;Velo;Foch;2;8
2025-12-29;04:01;Velo;Halles Castellane;12;12
2025-12-29;04:01;Velo;Observatoire;7;8
2025-12-29;04:01;Velo;Rondelet;10;16
2025-12-29;04:01;Velo;Plan Cabanes;6;12
2025-12-29;04:01;Velo;Boutonnet;6;12
2025-12-29;04:01;Velo;Emile Combes;5;8
2025-12-29;04:01;Velo;Beaux-Arts;6;16
2025-12-29;04:01;Velo;Les Aubes;2;8
2025-12-29;04:01;Velo;Antigone centre;3;12
2025-12-29;04:01;Velo;Médiathèque Emile Zola;11;16
2025-12-29;04:01;Velo;Nombre d Or;9;16
2025-12-29;04:01;Velo;Louis Blanc;11;16
2025-12-29;04:01;Velo;Gambetta;1;8
2025-12-29;04:01;Velo;Port Marianne;9;16
2025-12-29;04:01;Velo;Les Arceaux;3;8
2025-12-29;04:01;Velo;Cité Mion;3;8
2025-12-29;04:01;Velo;Nouveau Saint-Roch;1;8
2025-12-29;04:01;Velo;Renouvier;8;8
2025-12-29;04:01;Velo;Odysseum;8;8
2025-12-29;04:01;Velo;Saint-Denis;8;8
2025-12-29;04:01;Velo;Richter;9;16
2025-12-29;04:01;Velo;Charles Flahault;7;8
2025-12-29;04:01;Velo;Voltaire;3;8
2025-12-29;04:01;Velo;Prés d Arènes;2;8
2025-12-29;04:01;Velo;Garcia Lorca;1;8
2025-12-29;04:01;Velo;Vert Bois;12;16
2025-12-29;04:01;Velo;Malbosc;7;8
2025-12-29;04:01;Velo;Occitanie;20;32
2025-12-29;04:01;Velo;FacdesSciences;15;24
2025-12-29;04:01;Velo;Fac de Lettres;7;12
2025-12-29;04:01;Velo;Aiguelongue;5;8
2025-12-29;04:01;Velo;Jeu de Mail des Abbés;7;8
2025-12-29;04:01;Velo;Euromédecine;7;8
2025-12-29;04:01;Velo;Marie Caizergues;5;8
2025-12-29;04:01;Velo;Sabines;8;8
2025-12-29;04:01;Velo;Celleneuve;4;8
2025-12-29;04:01;Velo;Jardin de la Lironde;3;8
2025-12-29;04:01;Velo;Père Soulas;1;8
2025-12-29;04:01;Velo;Place Viala;2;8
2025-12-29;04:01;Velo;Hôtel du Département;3;8
2025-12-29;04:01;Velo;Tonnelles;7;8
2025-12-29;04:01;Velo;Parvis Jules Ferry - Gare Saint-Roch;4;8
2025-12-29;04:01;Velo;Pont de Lattes - Gare Saint-Roch;10;12
2025-12-29;04:01;Velo;Deux Ponts - Gare Saint-Roch;8;8
2025-12-29;04:01;Velo;Providence - Ovalie;8;8
2025-12-29;04:01;Velo;Pérols Etang de l Or;14;68
2025-12-29;04:01;Velo;Albert 1er - Cathédrale;11;12
2025-12-29;04:01;Velo;Saint-Guilhem - Courreau;5;8
2025-12-29;04:01;Velo;Sud De France;3;8
2025-12-29;04:01;Velo;Comedie Baudin;8;8
2025-12-29;04:01;Velo;Jean de Beins;15;16
2025-12-29;05:03;Voiture;Antigone;164;239
2025-12-29;05:03;Voiture;Comedie;423;664
2025-12-29;05:03;Voiture;Corum;366;480
2025-12-29;05:03;Voiture;Europa;500;591
2025-12-29;05:03;Voiture;Foch;588;620
2025-12-29;05:03;Voiture;Gambetta;161;452
2025-12-29;05:03;Voiture;Gare;448;656
2025-12-29;05:03;Voiture;Triangle;342;434
2025-12-29;05:03;Voiture;Pitot;519;590
2025-12-29;05:03;Voiture;Circe;1086;1200
2025-12-29;05:03;Voiture;Garcia Lorca;383;400
2025-12-29;05:03;Voiture;Mosson;317;328
2025-12-29;05:03;Voiture;Sabines;187;285
2025-12-29;05:03;Voiture;Sablassou;296;379
2025-12-29;05:03;Voiture;Saint Jean Le Sec;244;285
2025-12-29;05:03;Voiture;Euromedecine;190;239
2025-12-29;05:03;Voiture;Occitanie;567;615
2025-12-29;05:03;Voiture;Vicarello;48;64
2025-12-29;05:03;Voiture;Gaumont EST;74;109
2025-12-29;05:03;Voiture;Gaumont OUEST;5;250
2025-12-29;05:03;Voiture;Charles de Gaulle;166;260
2025-12-29;05:03;Voiture;Polygone;1684;1911
2025-12-29;05:03;Voiture;Arc de Triomphe;155;440
2025-12-29;05:03;Voiture;Gaumont-Circe;199;500
2025-12-29;05:03;Velo;Rue Jules Ferry - Gare Saint-Roch;10;12
2025-12-29;05:03;Velo;Comédie;14;20
2025-12-29;05:03;Velo;Hôtel de Ville;9;16
2025-12-29;05:03;Velo;Corum;5;12
2025-12-29;05:03;Velo;Place Albert 1er - St Charles;18;27
2025-12-29;05:03;Velo;Foch;3;8
2025-12-29;05:03;Velo;Halles Castellane;12;12
2025-12-29;05:03;Velo;Observatoire;7;8
2025-12-29;05:03;Velo;Rondelet;10;16
2025-12-29;05:03;Velo;Plan Cabanes;6;12
2025-12-29;05:03;Velo;Boutonnet;4;12
2025-12-29;05:03;Velo;Emile Combes;5;8
2025-12-29;05:03;Velo;Beaux-Arts;6;16
2025-12-29;05:03;Velo;Les Aubes;2;8
2025-12-29;05:03;Velo;Antigone centre;3;12
2025-12-29;05:03;Velo;Médiathèque Emile Zola;11;16
2025-12-29;05:03;Velo;Nombre d Or;9;16
2025-12-29;05:03;Velo;Louis Blanc;11;16
2025-12-29;05:03;Velo;Gambetta;3;8
2025-12-29;05:03;Velo;Port Marianne;9;16
2025-12-29;05:03;Velo;Les Arceaux;3;8
2025-12-29;05:03;Velo;Cité Mion;3;8
2025-12-29;05:03;Velo;Nouveau Saint-Roch;1;8
2025-12-29;05:03;Velo;Renouvier;8;8
2025-12-29;05:03;Velo;Odysseum;8;8
2025-12-29;05:03;Velo;Saint-Denis;8;8
2025-12-29;05:03;Velo;Richter;9;16
2025-12-29;05:03;Velo;Charles Flahault;7;8
2025-12-29;05:03;Velo;Voltaire;3;8
2025-12-29;05:03;Velo;Prés d Arènes;2;8
2025-12-29;05:03;Velo;Garcia Lorca;1;8
2025-12-29;05:03;Velo;Vert Bois;12;16
2025-12-29;05:03;Velo;Malbosc;7;8
2025-12-29;05:03;Velo;Occitanie;20;32
2025-12-29;05:03;Velo;FacdesSciences;15;24
2025-12-29;05:03;Velo;Fac de Lettres;7;12
2025-12-29;05:03;Velo;Aiguelongue;5;8
2025-12-29;05:03;Velo;Jeu de Mail des Abbés;7;8
2025-12-29;05:03;Velo;Euromédecine;7;8
2025-12-29;05:03;Velo;Marie Caizergues;5;8
2025-12-29;05:03;Velo;Sabines;8;8
2025-12-29;05:03;Velo;Celleneuve;4;8
2025-12-29;05:03;Velo;Jardin de la Lironde;3;8
2025-12-29;05:03;Velo;Père Soulas;1;8
2025-12-29;05:03;Velo;Place Viala;2;8
2025-12-29;05:03;Velo;Hôtel du Département;3;8
2025-12-29;05:03;Velo;Tonnelles;7;8
2025-12-29;05:03;Velo;Parvis Jules Ferry - Gare Saint-Roch;4;8
2025-12-29;05:03;Velo;Pont de Lattes - Gare Saint-Roch;10;12
2025-12-29;05:03;Velo;Deux Ponts - Gare Saint-Roch;8;8
2025-12-29;05:03;Velo;Providence - Ovalie;8;8
2025-12-29;05:03;Velo;Pérols Etang de l Or;14;68
2025-12-29;05:03;Velo;Albert 1er - Cathédrale;11;12
2025-12-29;05:03;Velo;Saint-Guilhem - Courreau;5;8
2025-12-29;05:03;Velo;Sud De France;3;8
2025-12-29;05:03;Velo;Comedie Baudin;8;8
2025-12-29;05:03;Velo;Jean de Beins;15;16
2025-12-29;05:52;Voiture;Antigone;164;239
2025-12-29;05:52;Voiture;Comedie;421;664
2025-12-29;05:52;Voiture;Corum;363;480
2025-12-29;05:52;Voiture;Europa;498;591
2025-12-29;05:52;Voiture;Foch;585;620
2025-12-29;05:52;Voiture;Gambetta;160;452
2025-12-29;05:52;Voiture;Gare;438;656
2025-12-29;05:52;Voiture;Triangle;343;434
2025-12-29;05:52;Voiture;Pitot;519;590
2025-12-29;05:52;Voiture;Circe;1083;1200
2025-12-29;05:52;Voiture;Garcia Lorca;381;400
2025-12-29;05:52;Voiture;Mosson;317;328
2025-12-29;05:52;Voiture;Sabines;182;285
2025-12-29;05:52;Voiture;Sablassou;295;379
2025-12-29;05:52;Voiture;Saint Jean Le Sec;243;285
2025-12-29;05:52;Voiture;Euromedecine;187;239
2025-12-29;05:52;Voiture;Occitanie;563;615
2025-12-29;05:52;Voiture;Vicarello;48;64
2025-12-29;05:52;Voiture;Gaumont EST;74;109
2025-12-29;05:52;Voiture;Gaumont OUEST;5;250
2025-12-29;05:52;Voiture;Charles de Gaulle;165;260
2025-12-29;05:52;Voiture;Polygone;1672;1911
2025-12-29;05:52;Voiture;Arc de Triomphe;158;440
2025-12-29;05:52;Voiture;Gaumont-Circe;199;500
2025-12-29;05:52;Velo;Rue Jules Ferry - Gare Saint-Roch;10;12
2025-12-29;05:52;Velo;Comédie;14;20
2025-12-29;05:52;Velo;Hôtel de Ville;9;16
2025-12-29;05:52;Velo;Corum;5;12
2025-12-29;05:52;Velo;Place Albert 1er - St Charles;18;27
2025-12-29;05:52;Velo;Foch;3;8
2025-12-29;05:52;Velo;Halles Castellane;12;12
2025-12-29;05:52;Velo;Observatoire;7;8
2025-12-29;05:52;Velo;Rondelet;10;16
2025-12-29;05:52;Velo;Plan Cabanes;6;12
2025-12-29;05:52;Velo;Boutonnet;4;12
2025-12-29;05:52;Velo;Emile Combes;5;8
2025-12-29;05:52;Velo;Beaux-Arts;6;16
2025-12-29;05:52;Velo;Les Aubes;2;8
2025-12-29;05:52;Velo;Antigone centre;3;12
2025-12-29;05:52;Velo;Médiathèque Emile Zola;11;16
2025-12-29;05:52;Velo;Nombre d Or;9;16
2025-12-29;05:52;Velo;Louis Blanc;11;16
2025-12-29;05:52;Velo;Gambetta;3;8
2025-12-29;05:52;Velo;Port Marianne;9;16
2025-12-29;05:52;Velo;Les Arceaux;3;8
2025-12-29;05:52;Velo;Cité Mion;3;8
2025-12-29;05:52;Velo;Nouveau Saint-Roch;1;8
2025-12-29;05:52;Velo;Renouvier;8;8
2025-12-29;05:52;Velo;Odysseum;8;8
2025-12-29;05:52;Velo;Saint-Denis;8;8
2025-12-29;05:52;Velo;Richter;9;16
2025-12-29;05:52;Velo;Charles Flahault;7;8
2025-12-29;05:52;Velo;Voltaire;3;8
2025-12-29;05:52;Velo;Prés d Arènes;2;8
2025-12-29;05:52;Velo;Garcia Lorca;1;8
2025-12-29;05:52;Velo;Vert Bois;12;16
2025-12-29;05:52;Velo;Malbosc;7;8
2025-12-29;05:52;Velo;Occitanie;19;32
2025-12-29;05:52;Velo;FacdesSciences;15;24
2025-12-29;05:52;Velo;Fac de Lettres;7;12
2025-12-29;05:52;Velo;Aiguelongue;5;8
2025-12-29;05:52;Velo;Jeu de Mail des Abbés;7;8
2025-12-29;05:52;Velo;Euromédecine;7;8
2025-12-29;05:52;Velo;Marie Caizergues;5;8
2025-12-29;05:52;Velo;Sabines;8;8
2025-12-29;05:52;Velo;Celleneuve;4;8
2025-12-29;05:52;Velo;Jardin de la Lironde;3;8
2025-12-29;05:52;Velo;Père Soulas;1;8
2025-12-29;05:52;Velo;Place Viala;2;8
2025-12-29;05:52;Velo;Hôtel du Département;3;8
2025-12-29;05:52;Velo;Tonnelles;7;8
2025-12-29;05:52;Velo;Parvis Jules Ferry - Gare Saint-Roch;4;8
2025-12-29;05:52;Velo;Pont de Lattes - Gare Saint-Roch;10;12
2025-12-29;05:52;Velo;Deux Ponts - Gare Saint-Roch;8;8
2025-12-29;05:52;Velo;Providence - Ovalie;8;8
2025-12-29;05:52;Velo;Pérols Etang de l Or;14;68
2025-12-29;05:52;Velo;Albert 1er - Cathédrale;10;12
2025-12-29;05:52;Velo;Saint-Guilhem - Courreau;5;8
2025-12-29;05:52;Velo;Sud De France;3;8
2025-12-29;05:52;Velo;Comedie Baudin;8;8
2025-12-29;05:52;Velo;Jean de Beins;15;16
2025-12-29;06:42;Voiture;Antigone;161;239
2025-12-29;06:42;Voiture;Comedie;416;664
2025-12-29;06:42;Voiture;Corum;356;480
2025-12-29;06:42;Voiture;Europa;480;591
2025-12-29;06:42;Voiture;Foch;583;620
2025-12-29;06:42;Voiture;Gambetta;157;452
2025-12-29;06:42;Voiture;Gare;448;656
2025-12-29;06:42;Voiture;Triangle;337;434
2025-12-29;06:42;Voiture;Pitot;510;590
2025-12-29;06:42;Voiture;Circe;1071;1200
2025-12-29;06:42;Voiture;Garcia Lorca;378;400
2025-12-29;06:42;Voiture;Mosson;301;328
2025-12-29;06:42;Voiture;Sabines;168;285
2025-12-29;06:42;Voiture;Sablassou;286;379
2025-12-29;06:42;Voiture;Saint Jean Le Sec;241;285
2025-12-29;06:42;Voiture;Euromedecine;186;239
2025-12-29;06:42;Voiture;Occitanie;553;615
2025-12-29;06:42;Voiture;Vicarello;49;64
2025-12-29;06:42;Voiture;Gaumont EST;74;109
2025-12-29;06:42;Voiture;Gaumont OUEST;5;250
2025-12-29;06:42;Voiture;Charles de Gaulle;163;260
2025-12-29;06:42;Voiture;Polygone;1641;1911
2025-12-29;06:42;Voiture;Arc de Triomphe;162;440
2025-12-29;06:42;Voiture;Gaumont-Circe;199;500
2025-12-29;06:42;Velo;Rue Jules Ferry - Gare Saint-Roch;10;12
2025-12-29;06:42;Velo;Comédie;14;20
2025-12-29;06:42;Velo;Hôtel de Ville;9;16
2025-12-29;06:42;Velo;Corum;5;12
2025-12-29;06:42;Velo;Place Albert 1er - St Charles;18;27
2025-12-29;06:42;Velo;Foch;3;8
2025-12-29;06:42;Velo;Halles Castellane;12;12
2025-12-29;06:42;Velo;Observatoire;7;8
2025-12-29;06:42;Velo;Rondelet;10;16
2025-12-29;06:42;Velo;Plan Cabanes;6;12
2025-12-29;06:42;Velo;Boutonnet;4;12
2025-12-29;06:42;Velo;Emile Combes;5;8
2025-12-29;06:42;Velo;Beaux-Arts;6;16
2025-12-29;06:42;Velo;Les Aubes;2;8
2025-12-29;06:42;Velo;Antigone centre;3;12
2025-12-29;06:42;Velo;Médiathèque Emile Zola;11;16
2025-12-29;06:42;Velo;Nombre d Or;9;16
2025-12-29;06:42;Velo;Louis Blanc;11;16
2025-12-29;06:42;Velo;Gambetta;3;8
2025-12-29;06:42;Velo;Port Marianne;9;16
2025-12-29;06:42;Velo;Les Arceaux;3;8
2025-12-29;06:42;Velo;Cité Mion;3;8
2025-12-29;06:42;Velo;Nouveau Saint-Roch;1;8
2025-12-29;06:42;Velo;Renouvier;8;8
2025-12-29;06:42;Velo;Odysseum;8;8
2025-12-29;06:42;Velo;Saint-Denis;8;8
2025-12-29;06:42;Velo;Richter;9;16
2025-12-29;06:42;Velo;Charles Flahault;7;8
2025-12-29;06:42;Velo;Voltaire;3;8
2025-12-29;06:42;Velo;Prés d Arènes;4;8
2025-12-29;06:42;Velo;Garcia Lorca;3;8
2025-12-29;06:42;Velo;Vert Bois;12;16
2025-12-29;06:42;Velo;Malbosc;7;8
2025-12-29;06:42;Velo;Occitanie;20;32
2025-12-29;06:42;Velo;FacdesSciences;15;24
2025-12-29;06:42;Velo;Fac de Lettres;7;12
2025-12-29;06:42;Velo;Aiguelongue;5;8
2025-12-29;06:42;Velo;Jeu de Mail des Abbés;7;8
2025-12-29;06:42;Velo;Euromédecine;7;8
2025-12-29;06:42;Velo;Marie Caizergues;5;8
2025-12-29;06:42;Velo;Sabines;8;8
2025-12-29;06:42;Velo;Celleneuve;4;8
2025-12-29;06:42;Velo;Jardin de la Lironde;3;8
2025-12-29;06:42;Velo;Père Soulas;1;8
2025-12-29;06:42;Velo;Place Viala;2;8
2025-12-29;06:42;Velo;Hôtel du Département;3;8
2025-12-29;06:42;Velo;Tonnelles;7;8
2025-12-29;06:42;Velo;Parvis Jules Ferry - Gare Saint-Roch;4;8
2025-12-29;06:42;Velo;Pont de Lattes - Gare Saint-Roch;10;12
2025-12-29;06:42;Velo;Deux Ponts - Gare Saint-Roch;8;8
2025-12-29;06:42;Velo;Providence - Ovalie;8;8
2025-12-29;06:42;Velo;Pérols Etang de l Or;14;68
2025-12-29;06:42;Velo;Albert 1er - Cathédrale;10;12
2025-12-29;06:42;Velo;Saint-Guilhem - Courreau;5;8
2025-12-29;06:42;Velo;Sud De France;3;8
2025-12-29;06:42;Velo;Comedie Baudin;8;8
2025-12-29;06:42;Velo;Jean de Beins;15;16
2025-12-29;07:30;Voiture;Antigone;161;239
2025-12-29;07:30;Voiture;Comedie;410;664
2025-12-29;07:30;Voiture;Corum;343;480
2025-12-29;07:30;Voiture;Europa;413;591
2025-12-29;07:30;Voiture;Foch;566;620
2025-12-29;07:30;Voiture;Gambetta;154;452
2025-12-29;07:30;Voiture;Gare;442;656
2025-12-29;07:30;Voiture;Triangle;315;434
2025-12-29;07:30;Voiture;Pitot;493;590
2025-12-29;07:30;Voiture;Circe;1031;1200
2025-12-29;07:30;Voiture;Garcia Lorca;367;400
2025-12-29;07:30;Voiture;Mosson;282;328
2025-12-29;07:30;Voiture;Sabines;140;285
2025-12-29;07:30;Voiture;Sablassou;271;379
2025-12-29;07:30;Voiture;Saint Jean Le Sec;232;285
2025-12-29;07:30;Voiture;Euromedecine;175;239
2025-12-29;07:30;Voiture;Occitanie;525;615
2025-12-29;07:30;Voiture;Vicarello;46;64
2025-12-29;07:30;Voiture;Gaumont EST;74;109
2025-12-29;07:30;Voiture;Gaumont OUEST;5;250
2025-12-29;07:30;Voiture;Charles de Gaulle;160;260
2025-12-29;07:30;Voiture;Polygone;1611;1911
2025-12-29;07:30;Voiture;Arc de Triomphe;164;440
2025-12-29;07:30;Voiture;Gaumont-Circe;199;500
2025-12-29;07:30;Velo;Rue Jules Ferry - Gare Saint-Roch;6;12
2025-12-29;07:30;Velo;Comédie;14;20
2025-12-29;07:30;Velo;Hôtel de Ville;9;16
2025-12-29;07:30;Velo;Corum;5;12
2025-12-29;07:30;Velo;Place Albert 1er - St Charles;18;27
2025-12-29;07:30;Velo;Foch;2;8
2025-12-29;07:30;Velo;Halles Castellane;12;12
2025-12-29;07:30;Velo;Observatoire;7;8
2025-12-29;07:30;Velo;Rondelet;10;16
2025-12-29;07:30;Velo;Plan Cabanes;6;12
2025-12-29;07:30;Velo;Boutonnet;4;12
2025-12-29;07:30;Velo;Emile Combes;5;8
2025-12-29;07:30;Velo;Beaux-Arts;6;16
2025-12-29;07:30;Velo;Les Aubes;2;8
2025-12-29;07:30;Velo;Antigone centre;3;12
2025-12-29;07:30;Velo;Médiathèque Emile Zola;11;16
2025-12-29;07:30;Velo;Nombre d Or;9;16
2025-12-29;07:30;Velo;Louis Blanc;11;16
2025-12-29;07:30;Velo;Gambetta;3;8
2025-12-29;07:30;Velo;Port Marianne;9;16
2025-12-29;07:30;Velo;Les Arceaux;3;8
2025-12-29;07:30;Velo;Cité Mion;3;8
2025-12-29;07:30;Velo;Nouveau Saint-Roch;3;8
2025-12-29;07:30;Velo;Renouvier;8;8
2025-12-29;07:30;Velo;Odysseum;8;8
2025-12-29;07:30;Velo;Saint-Denis;8;8
2025-12-29;07:30;Velo;Richter;9;16
2025-12-29;07:30;Velo;Charles Flahault;7;8
2025-12-29;07:30;Velo;Voltaire;3;8
2025-12-29;07:30;Velo;Prés d Arènes;4;8
2025-12-29;07:30;Velo;Garcia Lorca;3;8
2025-12-29;07:30;Velo;Vert Bois;12;16
2025-12-29;07:30;Velo;Malbosc;7;8
2025-12-29;07:30;Velo;Occitanie;20;32
2025-12-29;07:30;Velo;FacdesSciences;15;24
2025-12-29;07:30;Velo;Fac de Lettres;7;12
2025-12-29;07:30;Velo;Aiguelongue;5;8
2025-12-29;07:30;Velo;Jeu de Mail des Abbés;7;8
2025-12-29;07:30;Velo;Euromédecine;7;8
2025-12-29;07:30;Velo;Marie Caizergues;5;8
2025-12-29;07:30;Velo;Sabines;8;8
2025-12-29;07:30;Velo;Celleneuve;4;8
2025-12-29;07:30;Velo;Jardin de la Lironde;3;8
2025-12-29;07:30;Velo;Père Soulas;1;8
2025-12-29;07:30;Velo;Place Viala;2;8
2025-12-29;07:30;Velo;Hôtel du Département;3;8
2025-12-29;07:30;Velo;Tonnelles;7;8
2025-12-29;07:30;Velo;Parvis Jules Ferry - Gare Saint-Roch;4;8
2025-12-29;07:30;Velo;Pont de Lattes - Gare Saint-Roch;10;12
2025-12-29;07:30;Velo;Deux Ponts - Gare Saint-Roch;8;8
2025-12-29;07:30;Velo;Providence - Ovalie;8;8
2025-12-29;07:30;Velo;Pérols Etang de l Or;14;68
2025-12-29;07:30;Velo;Albert 1er - Cathédrale;10;12
2025-12-29;07:30;Velo;Saint-Guilhem - Courreau;6;8
2025-12-29;07:30;Velo;Sud De France;3;8
2025-12-29;07:30;Velo;Comedie Baudin;8;8
2025-12-29;07:30;Velo;Jean de Beins;15;16
2025-12-29;08:37;Voiture;Antigone;160;239
2025-12-29;08:37;Voiture;Comedie;386;664
2025-12-29;08:37;Voiture;Corum;312;480
2025-12-29;08:37;Voiture;Europa;365;591
2025-12-29;08:37;Voiture;Foch;543;620
2025-12-29;08:37;Voiture;Gambetta;142;452
2025-12-29;08:37;Voiture;Gare;428;656
2025-12-29;08:37;Voiture;Triangle;283;434
2025-12-29;08:37;Voiture;Pitot;468;590
2025-12-29;08:37;Voiture;Circe;976;1200
2025-12-29;08:37;Voiture;Garcia Lorca;364;400
2025-12-29;08:37;Voiture;Mosson;262;328
2025-12-29;08:37;Voiture;Sabines;105;285
2025-12-29;08:37;Voiture;Sablassou;245;379
2025-12-29;08:37;Voiture;Saint Jean Le Sec;221;285
2025-12-29;08:37;Voiture;Euromedecine;158;239
2025-12-29;08:37;Voiture;Occitanie;494;615
2025-12-29;08:37;Voiture;Vicarello;32;64
2025-12-29;08:37;Voiture;Gaumont EST;74;109
2025-12-29;08:37;Voiture;Gaumont OUEST;5;250
2025-12-29;08:37;Voiture;Charles de Gaulle;152;260
2025-12-29;08:37;Voiture;Polygone;1510;1911
2025-12-29;08:37;Voiture;Arc de Triomphe;141;440
2025-12-29;08:37;Voiture;Gaumont-Circe;199;500
2025-12-29;08:37;Velo;Rue Jules Ferry - Gare Saint-Roch;6;12
2025-12-29;08:37;Velo;Comédie;13;20
2025-12-29;08:37;Velo;Hôtel de Ville;9;16
2025-12-29;08:37;Velo;Corum;5;12
2025-12-29;08:37;Velo;Place Albert 1er - St Charles;18;27
2025-12-29;08:37;Velo;Foch;2;8
2025-12-29;08:37;Velo;Halles Castellane;12;12
2025-12-29;08:37;Velo;Observatoire;7;8
2025-12-29;08:37;Velo;Rondelet;10;16
2025-12-29;08:37;Velo;Plan Cabanes;6;12
2025-12-29;08:37;Velo;Boutonnet;4;12
2025-12-29;08:37;Velo;Emile Combes;5;8
2025-12-29;08:37;Velo;Beaux-Arts;6;16
2025-12-29;08:37;Velo;Les Aubes;2;8
2025-12-29;08:37;Velo;Antigone centre;8;12
2025-12-29;08:37;Velo;Médiathèque Emile Zola;11;16
2025-12-29;08:37;Velo;Nombre d Or;9;16
2025-12-29;08:37;Velo;Louis Blanc;11;16
2025-12-29;08:37;Velo;Gambetta;4;8
2025-12-29;08:37;Velo;Port Marianne;9;16
2025-12-29;08:37;Velo;Les Arceaux;3;8
2025-12-29;08:37;Velo;Cité Mion;3;8
2025-12-29;08:37;Velo;Nouveau Saint-Roch;4;8
2025-12-29;08:37;Velo;Renouvier;5;8
2025-12-29;08:37;Velo;Odysseum;8;8
2025-12-29;08:37;Velo;Saint-Denis;8;8
2025-12-29;08:37;Velo;Richter;9;16
2025-12-29;08:37;Velo;Charles Flahault;8;8
2025-12-29;08:37;Velo;Voltaire;3;8
2025-12-29;08:37;Velo;Prés d Arènes;4;8
2025-12-29;08:37;Velo;Garcia Lorca;3;8
2025-12-29;08:37;Velo;Vert Bois;12;16
2025-12-29;08:37;Velo;Malbosc;7;8
2025-12-29;08:37;Velo;Occitanie;19;32
2025-12-29;08:37;Velo;FacdesSciences;15;24
2025-12-29;08:37;Velo;Fac de Lettres;7;12
2025-12-29;08:37;Velo;Aiguelongue;5;8
2025-12-29;08:37;Velo;Jeu de Mail des Abbés;7;8
2025-12-29;08:37;Velo;Euromédecine;7;8
2025-12-29;08:37;Velo;Marie Caizergues;6;8
2025-12-29;08:37;Velo;Sabines;8;8
2025-12-29;08:37;Velo;Celleneuve;4;8
2025-12-29;08:37;Velo;Jardin de la Lironde;3;8
2025-12-29;08:37;Velo;Père Soulas;1;8
2025-12-29;08:37;Velo;Place Viala;2;8
2025-12-29;08:37;Velo;Hôtel du Département;3;8
2025-12-29;08:37;Velo;Tonnelles;7;8
2025-12-29;08:37;Velo;Parvis Jules Ferry - Gare Saint-Roch;4;8
2025-12-29;08:37;Velo;Pont de Lattes - Gare Saint-Roch;10;12
2025-12-29;08:37;Velo;Deux Ponts - Gare Saint-Roch;8;8
2025-12-29;08:37;Velo;Providence - Ovalie;8;8
2025-12-29;08:37;Velo;Pérols Etang de l Or;14;68
2025-12-29;08:37;Velo;Albert 1er - Cathédrale;10;12
2025-12-29;08:37;Velo;Saint-Guilhem - Courreau;4;8
2025-12-29;08:37;Velo;Sud De France;3;8
2025-12-29;08:37;Velo;Comedie Baudin;8;8
2025-12-29;08:37;Velo;Jean de Beins;15;16
2025-12-29;09:35;Voiture;Antigone;161;239
2025-12-29;09:35;Voiture;Comedie;355;664
2025-12-29;09:35;Voiture;Corum;308;480
2025-12-29;09:35;Voiture;Europa;360;591
2025-12-29;09:35;Voiture;Foch;525;620
2025-12-29;09:35;Voiture;Gambetta;141;452
2025-12-29;09:35;Voiture;Gare;392;656
2025-12-29;09:35;Voiture;Triangle;266;434
2025-12-29;09:35;Voiture;Pitot;415;590
2025-12-29;09:35;Voiture;Circe;930;1200
2025-12-29;09:35;Voiture;Garcia Lorca;364;400
2025-12-29;09:35;Voiture;Mosson;253;328
2025-12-29;09:35;Voiture;Sabines;93;285
2025-12-29;09:35;Voiture;Sablassou;231;379
2025-12-29;09:35;Voiture;Saint Jean Le Sec;215;285
2025-12-29;09:35;Voiture;Euromedecine;147;239
2025-12-29;09:35;Voiture;Occitanie;475;615
2025-12-29;09:35;Voiture;Vicarello;28;64
2025-12-29;09:35;Voiture;Gaumont EST;74;109
2025-12-29;09:35;Voiture;Gaumont OUEST;5;250
2025-12-29;09:35;Voiture;Charles de Gaulle;152;260
2025-12-29;09:35;Voiture;Polygone;1226;1911
2025-12-29;09:35;Voiture;Arc de Triomphe;118;440
2025-12-29;09:35;Voiture;Gaumont-Circe;199;500
2025-12-29;09:35;Velo;Rue Jules Ferry - Gare Saint-Roch;6;12
2025-12-29;09:35;Velo;Comédie;13;20
2025-12-29;09:35;Velo;Hôtel de Ville;9;16
2025-12-29;09:35;Velo;Corum;5;12
2025-12-29;09:35;Velo;Place Albert 1er - St Charles;19;27
2025-12-29;09:35;Velo;Foch;2;8
2025-12-29;09:35;Velo;Halles Castellane;12;12
2025-12-29;09:35;Velo;Observatoire;3;8
2025-12-29;09:35;Velo;Rondelet;10;16
2025-12-29;09:35;Velo;Plan Cabanes;6;12
2025-12-29;09:35;Velo;Boutonnet;4;12
2025-12-29;09:35;Velo;Emile Combes;4;8
2025-12-29;09:35;Velo;Beaux-Arts;6;16
2025-12-29;09:35;Velo;Les Aubes;2;8
2025-12-29;09:35;Velo;Antigone centre;8;12
2025-12-29;09:35;Velo;Médiathèque Emile Zola;11;16
2025-12-29;09:35;Velo;Nombre d Or;9;16
2025-12-29;09:35;Velo;Louis Blanc;13;16
2025-12-29;09:35;Velo;Gambetta;4;8
2025-12-29;09:35;Velo;Port Marianne;9;16
2025-12-29;09:35;Velo;Les Arceaux;3;8
2025-12-29;09:35;Velo;Cité Mion;4;8
2025-12-29;09:35;Velo;Nouveau Saint-Roch;5;8
2025-12-29;09:35;Velo;Renouvier;5;8
2025-12-29;09:35;Velo;Odysseum;8;8
2025-12-29;09:35;Velo;Saint-Denis;8;8
2025-12-29;09:35;Velo;Richter;11;16
2025-12-29;09:35;Velo;Charles Flahault;8;8
2025-12-29;09:35;Velo;Voltaire;3;8
2025-12-29;09:35;Velo;Prés d Arènes;4;8
2025-12-29;09:35;Velo;Garcia Lorca;2;8
2025-12-29;09:35;Velo;Vert Bois;12;16
2025-12-29;09:35;Velo;Malbosc;7;8
2025-12-29;09:35;Velo;Occitanie;19;32
2025-12-29;09:35;Velo;FacdesSciences;15;24
2025-12-29;09:35;Velo;Fac de Lettres;7;12
2025-12-29;09:35;Velo;Aiguelongue;5;8
2025-12-29;09:35;Velo;Jeu de Mail des Abbés;7;8
2025-12-29;09:35;Velo;Euromédecine;7;8
2025-12-29;09:35;Velo;Marie Caizergues;6;8
2025-12-29;09:35;Velo;Sabines;8;8
2025-12-29;09:35;Velo;Celleneuve;4;8
2025-12-29;09:35;Velo;Jardin de la Lironde;3;8
2025-12-29;09:35;Velo;Père Soulas;1;8
2025-12-29;09:35;Velo;Place Viala;2;8
2025-12-29;09:35;Velo;Hôtel du Département;3;8
2025-12-29;09:35;Velo;Tonnelles;7;8
2025-12-29;09:35;Velo;Parvis Jules Ferry - Gare Saint-Roch;4;8
2025-12-29;09:35;Velo;Pont de Lattes - Gare Saint-Roch;10;12
2025-12-29;09:35;Velo;Deux Ponts - Gare Saint-Roch;8;8
2025-12-29;09:35;Velo;Providence - Ovalie;8;8
2025-12-29;09:35;Velo;Pérols Etang de l Or;14;68
2025-12-29;09:35;Velo;Albert 1er - Cathédrale;10;12
2025-12-29;09:35;Velo;Saint-Guilhem - Courreau;4;8
2025-12-29;09:35;Velo;Sud De France;3;8
2025-12-29;09:35;Velo;Comedie Baudin;8;8
2025-12-29;09:35;Velo;Jean de Beins;15;16
2025-12-29;10:29;Voiture;Antigone;162;239
2025-12-29;10:29;Voiture;Comedie;310;664
2025-12-29;10:29;Voiture;Corum;281;480
2025-12-29;10:29;Voiture;Europa;357;591
2025-12-29;10:29;Voiture;Foch;507;620
2025-12-29;10:29;Voiture;Gambetta;131;452
2025-12-29;10:29;Voiture;Gare;423;656
2025-12-29;10:29;Voiture;Triangle;241;434
2025-12-29;10:29;Voiture;Pitot;386;590
2025-12-29;10:29;Voiture;Circe;857;1200
2025-12-29;10:29;Voiture;Garcia Lorca;362;400
2025-12-29;10:29;Voiture;Mosson;236;328
2025-12-29;10:29;Voiture;Sabines;86;285
2025-12-29;10:29;Voiture;Sablassou;220;379
2025-12-29;10:29;Voiture;Saint Jean Le Sec;206;285
2025-12-29;10:29;Voiture;Euromedecine;144;239
2025-12-29;10:29;Voiture;Occitanie;460;615
2025-12-29;10:29;Voiture;Vicarello;30;64
2025-12-29;10:29;Voiture;Gaumont EST;74;109
2025-12-29;10:29;Voiture;Gaumont OUEST;5;250
2025-12-29;10:29;Voiture;Charles de Gaulle;150;260
2025-12-29;10:29;Voiture;Polygone;1044;1911
2025-12-29;10:29;Voiture;Arc de Triomphe;103;440
2025-12-29;10:29;Voiture;Gaumont-Circe;199;500
2025-12-29;10:29;Velo;Rue Jules Ferry - Gare Saint-Roch;5;12
2025-12-29;10:29;Velo;Comédie;14;20
2025-12-29;10:29;Velo;Hôtel de Ville;9;16
2025-12-29;10:29;Velo;Corum;5;12
2025-12-29;10:29;Velo;Place Albert 1er - St Charles;21;27
2025-12-29;10:29;Velo;Foch;2;8
2025-12-29;10:29;Velo;Halles Castellane;12;12
2025-12-29;10:29;Velo;Observatoire;3;8
2025-12-29;10:29;Velo;Rondelet;10;16
2025-12-29;10:29;Velo;Plan Cabanes;5;12
2025-12-29;10:29;Velo;Boutonnet;4;12
2025-12-29;10:29;Velo;Emile Combes;4;8
2025-12-29;10:29;Velo;Beaux-Arts;6;16
2025-12-29;10:29;Velo;Les Aubes;2;8
2025-12-29;10:29;Velo;Antigone centre;8;12
2025-12-29;10:29;Velo;Médiathèque Emile Zola;11;16
2025-12-29;10:29;Velo;Nombre d Or;10;16
2025-12-29;10:29;Velo;Louis Blanc;13;16
2025-12-29;10:29;Velo;Gambetta;4;8
2025-12-29;10:29;Velo;Port Marianne;9;16
2025-12-29;10:29;Velo;Les Arceaux;3;8
2025-12-29;10:29;Velo;Cité Mion;4;8
2025-12-29;10:29;Velo;Nouveau Saint-Roch;5;8
2025-12-29;10:29;Velo;Renouvier;5;8
2025-12-29;10:29;Velo;Odysseum;8;8
2025-12-29;10:29;Velo;Saint-Denis;8;8
2025-12-29;10:29;Velo;Richter;11;16
2025-12-29;10:29;Velo;Charles Flahault;8;8
2025-12-29;10:29;Velo;Voltaire;3;8
2025-12-29;10:29;Velo;Prés d Arènes;4;8
2025-12-29;10:29;Velo;Garcia Lorca;2;8
2025-12-29;10:29;Velo;Vert Bois;12;16
2025-12-29;10:29;Velo;Malbosc;7;8
2025-12-29;10:29;Velo;Occitanie;19;32
2025-12-29;10:29;Velo;FacdesSciences;15;24
2025-12-29;10:29;Velo;Fac de Lettres;7;12
2025-12-29;10:29;Velo;Aiguelongue;5;8
2025-12-29;10:29;Velo;Jeu de Mail des Abbés;7;8
2025-12-29;10:29;Velo;Euromédecine;7;8
2025-12-29;10:29;Velo;Marie Caizergues;7;8
2025-12-29;10:29;Velo;Sabines;8;8
2025-12-29;10:29;Velo;Celleneuve;4;8
2025-12-29;10:29;Velo;Jardin de la Lironde;3;8
2025-12-29;10:29;Velo;Père Soulas;1;8
2025-12-29;10:29;Velo;Place Viala;2;8
2025-12-29;10:29;Velo;Hôtel du Département;3;8
2025-12-29;10:29;Velo;Tonnelles;7;8
2025-12-29;10:29;Velo;Parvis Jules Ferry - Gare Saint-Roch;5;8
2025-12-29;10:29;Velo;Pont de Lattes - Gare Saint-Roch;10;12
2025-12-29;10:29;Velo;Deux Ponts - Gare Saint-Roch;8;8
2025-12-29;10:29;Velo;Providence - Ovalie;8;8
2025-12-29;10:29;Velo;Pérols Etang de l Or;14;68
2025-12-29;10:29;Velo;Albert 1er - Cathédrale;10;12
2025-12-29;10:29;Velo;Saint-Guilhem - Courreau;4;8
2025-12-29;10:29;Velo;Sud De France;3;8
2025-12-29;10:29;Velo;Comedie Baudin;8;8
2025-12-29;10:29;Velo;Jean de Beins;15;16
2025-12-29;10:51;Voiture;Antigone;162;239
2025-12-29;10:51;Voiture;Comedie;276;664
2025-12-29;10:51;Voiture;Corum;267;480
2025-12-29;10:51;Voiture;Europa;358;591
2025-12-29;10:51;Voiture;Foch;494;620
2025-12-29;10:51;Voiture;Gambetta;124;452
2025-12-29;10:51;Voiture;Gare;425;656
2025-12-29;10:51;Voiture;Triangle;233;434
2025-12-29;10:51;Voiture;Pitot;371;590
2025-12-29;10:51;Voiture;Circe;839;1200
2025-12-29;10:51;Voiture;Garcia Lorca;362;400
2025-12-29;10:51;Voiture;Mosson;237;328
2025-12-29;10:51;Voiture;Sabines;85;285
2025-12-29;10:51;Voiture;Sablassou;218;379
2025-12-29;10:51;Voiture;Saint Jean Le Sec;203;285
2025-12-29;10:51;Voiture;Euromedecine;145;239
2025-12-29;10:51;Voiture;Occitanie;456;615
2025-12-29;10:51;Voiture;Vicarello;32;64
2025-12-29;10:51;Voiture;Gaumont EST;74;109
2025-12-29;10:51;Voiture;Gaumont OUEST;5;250
2025-12-29;10:51;Voiture;Charles de Gaulle;153;260
2025-12-29;10:51;Voiture;Polygone;946;1911
2025-12-29;10:51;Voiture;Arc de Triomphe;87;440
2025-12-29;10:51;Voiture;Gaumont-Circe;199;500
2025-12-29;10:51;Velo;Rue Jules Ferry - Gare Saint-Roch;5;12
2025-12-29;10:51;Velo;Comédie;14;20
2025-12-29;10:51;Velo;Hôtel de Ville;9;16
2025-12-29;10:51;Velo;Corum;7;12
2025-12-29;10:51;Velo;Place Albert 1er - St Charles;21;27
2025-12-29;10:51;Velo;Foch;2;8
2025-12-29;10:51;Velo;Halles Castellane;12;12
2025-12-29;10:51;Velo;Observatoire;3;8
2025-12-29;10:51;Velo;Rondelet;10;16
2025-12-29;10:51;Velo;Plan Cabanes;5;12
2025-12-29;10:51;Velo;Boutonnet;4;12
2025-12-29;10:51;Velo;Emile Combes;4;8
2025-12-29;10:51;Velo;Beaux-Arts;6;16
2025-12-29;10:51;Velo;Les Aubes;2;8
2025-12-29;10:51;Velo;Antigone centre;8;12
2025-12-29;10:51;Velo;Médiathèque Emile Zola;11;16
2025-12-29;10:51;Velo;Nombre d Or;9;16
2025-12-29;10:51;Velo;Louis Blanc;13;16
2025-12-29;10:51;Velo;Gambetta;4;8
2025-12-29;10:51;Velo;Port Marianne;9;16
2025-12-29;10:51;Velo;Les Arceaux;3;8
2025-12-29;10:51;Velo;Cité Mion;4;8
2025-12-29;10:51;Velo;Nouveau Saint-Roch;5;8
2025-12-29;10:51;Velo;Renouvier;5;8
2025-12-29;10:51;Velo;Odysseum;8;8
2025-12-29;10:51;Velo;Saint-Denis;8;8
2025-12-29;10:51;Velo;Richter;11;16
2025-12-29;10:51;Velo;Charles Flahault;8;8
2025-12-29;10:51;Velo;Voltaire;3;8
2025-12-29;10:51;Velo;Prés d Arènes;4;8
2025-12-29;10:51;Velo;Garcia Lorca;2;8
2025-12-29;10:51;Velo;Vert Bois;12;16
2025-12-29;10:51;Velo;Malbosc;7;8
2025-12-29;10:51;Velo;Occitanie;19;32
2025-12-29;10:51;Velo;FacdesSciences;15;24
2025-12-29;10:51;Velo;Fac de Lettres;7;12
2025-12-29;10:51;Velo;Aiguelongue;5;8
2025-12-29;10:51;Velo;Jeu de Mail des Abbés;7;8
2025-12-29;10:51;Velo;Euromédecine;7;8
2025-12-29;10:51;Velo;Marie Caizergues;7;8
2025-12-29;10:51;Velo;Sabines;8;8
2025-12-29;10:51;Velo;Celleneuve;4;8
2025-12-29;10:51;Velo;Jardin de la Lironde;3;8
2025-12-29;10:51;Velo;Père Soulas;1;8
2025-12-29;10:51;Velo;Place Viala;2;8
2025-12-29;10:51;Velo;Hôtel du Département;3;8
2025-12-29;10:51;Velo;Tonnelles;7;8
2025-12-29;10:51;Velo;Parvis Jules Ferry - Gare Saint-Roch;7;8
2025-12-29;10:51;Velo;Pont de Lattes - Gare Saint-Roch;10;12
2025-12-29;10:51;Velo;Deux Ponts - Gare Saint-Roch;8;8
2025-12-29;10:51;Velo;Providence - Ovalie;8;8
2025-12-29;10:51;Velo;Pérols Etang de l Or;14;68
2025-12-29;10:51;Velo;Albert 1er - Cathédrale;10;12
2025-12-29;10:51;Velo;Saint-Guilhem - Courreau;4;8
2025-12-29;10:51;Velo;Sud De France;3;8
2025-12-29;10:51;Velo;Comedie Baudin;8;8
2025-12-29;10:51;Velo;Jean de Beins;15;16
2025-12-29;11:23;Voiture;Antigone;161;239
2025-12-29;11:23;Voiture;Comedie;259;664
2025-12-29;11:23;Voiture;Corum;260;480
2025-12-29;11:23;Voiture;Europa;365;591
2025-12-29;11:23;Voiture;Foch;490;620
2025-12-29;11:23;Voiture;Gambetta;115;452
2025-12-29;11:23;Voiture;Gare;422;656
2025-12-29;11:23;Voiture;Triangle;214;434
2025-12-29;11:23;Voiture;Pitot;351;590
2025-12-29;11:23;Voiture;Circe;788;1200
2025-12-29;11:23;Voiture;Garcia Lorca;363;400
2025-12-29;11:23;Voiture;Mosson;230;328
2025-12-29;11:23;Voiture;Sabines;72;285
2025-12-29;11:23;Voiture;Sablassou;213;379
2025-12-29;11:23;Voiture;Saint Jean Le Sec;202;285
2025-12-29;11:23;Voiture;Euromedecine;143;239
2025-12-29;11:23;Voiture;Occitanie;453;615
2025-12-29;11:23;Voiture;Vicarello;31;64
2025-12-29;11:23;Voiture;Gaumont EST;74;109
2025-12-29;11:23;Voiture;Gaumont OUEST;5;250
2025-12-29;11:23;Voiture;Charles de Gaulle;151;260
2025-12-29;11:23;Voiture;Polygone;872;1911
2025-12-29;11:23;Voiture;Arc de Triomphe;72;440
2025-12-29;11:23;Voiture;Gaumont-Circe;199;500
2025-12-29;11:23;Velo;Rue Jules Ferry - Gare Saint-Roch;5;12
2025-12-29;11:23;Velo;Comédie;14;20
2025-12-29;11:23;Velo;Hôtel de Ville;9;16
2025-12-29;11:23;Velo;Corum;7;12
2025-12-29;11:23;Velo;Place Albert 1er - St Charles;21;27
2025-12-29;11:23;Velo;Foch;2;8
2025-12-29;11:23;Velo;Halles Castellane;12;12
2025-12-29;11:23;Velo;Observatoire;3;8
2025-12-29;11:23;Velo;Rondelet;10;16
2025-12-29;11:23;Velo;Plan Cabanes;5;12
2025-12-29;11:23;Velo;Boutonnet;4;12
2025-12-29;11:23;Velo;Emile Combes;4;8
2025-12-29;11:23;Velo;Beaux-Arts;6;16
2025-12-29;11:23;Velo;Les Aubes;2;8
2025-12-29;11:23;Velo;Antigone centre;8;12
2025-12-29;11:23;Velo;Médiathèque Emile Zola;11;16
2025-12-29;11:23;Velo;Nombre d Or;9;16
2025-12-29;11:23;Velo;Louis Blanc;13;16
2025-12-29;11:23;Velo;Gambetta;4;8
2025-12-29;11:23;Velo;Port Marianne;9;16
2025-12-29;11:23;Velo;Les Arceaux;3;8
2025-12-29;11:23;Velo;Cité Mion;4;8
2025-12-29;11:23;Velo;Nouveau Saint-Roch;5;8
2025-12-29;11:23;Velo;Renouvier;6;8
2025-12-29;11:23;Velo;Odysseum;8;8
2025-12-29;11:23;Velo;Saint-Denis;8;8
2025-12-29;11:23;Velo;Richter;13;16
2025-12-29;11:23;Velo;Charles Flahault;8;8
2025-12-29;11:23;Velo;Voltaire;3;8
2025-12-29;11:23;Velo;Prés d Arènes;4;8
2025-12-29;11:23;Velo;Garcia Lorca;2;8
2025-12-29;11:23;Velo;Vert Bois;12;16
2025-12-29;11:23;Velo;Malbosc;7;8
2025-12-29;11:23;Velo;Occitanie;19;32
2025-12-29;11:23;Velo;FacdesSciences;15;24
2025-12-29;11:23;Velo;Fac de Lettres;7;12
2025-12-29;11:23;Velo;Aiguelongue;5;8
2025-12-29;11:23;Velo;Jeu de Mail des Abbés;7;8
2025-12-29;11:23;Velo;Euromédecine;7;8
2025-12-29;11:23;Velo;Marie Caizergues;7;8
2025-12-29;11:23;Velo;Sabines;8;8
2025-12-29;11:23;Velo;Celleneuve;4;8
2025-12-29;11:23;Velo;Jardin de la Lironde;3;8
2025-12-29;11:23;Velo;Père Soulas;1;8
2025-12-29;11:23;Velo;Place Viala;2;8
2025-12-29;11:23;Velo;Hôtel du Département;3;8
2025-12-29;11:23;Velo;Tonnelles;7;8
2025-12-29;11:23;Velo;Parvis Jules Ferry - Gare Saint-Roch;7;8
2025-12-29;11:23;Velo;Pont de Lattes - Gare Saint-Roch;9;12
2025-12-29;11:23;Velo;Deux Ponts - Gare Saint-Roch;8;8
2025-12-29;11:23;Velo;Providence - Ovalie;8;8
2025-12-29;11:23;Velo;Pérols Etang de l Or;14;68
2025-12-29;11:23;Velo;Albert 1er - Cathédrale;10;12
2025-12-29;11:23;Velo;Saint-Guilhem - Courreau;4;8
2025-12-29;11:23;Velo;Sud De France;3;8
2025-12-29;11:23;Velo;Comedie Baudin;8;8
2025-12-29;11:23;Velo;Jean de Beins;15;16
2025-12-29;11:42;Voiture;Antigone;160;239
2025-12-29;11:42;Voiture;Comedie;245;664
2025-12-29;11:42;Voiture;Corum;250;480
2025-12-29;11:42;Voiture;Europa;367;591
2025-12-29;11:42;Voiture;Foch;478;620
2025-12-29;11:42;Voiture;Gambetta;110;452
2025-12-29;11:42;Voiture;Gare;411;656
2025-12-29;11:42;Voiture;Triangle;202;434
2025-12-29;11:42;Voiture;Pitot;347;590
2025-12-29;11:42;Voiture;Circe;769;1200
2025-12-29;11:42;Voiture;Garcia Lorca;360;400
2025-12-29;11:42;Voiture;Mosson;232;328
2025-12-29;11:42;Voiture;Sabines;64;285
2025-12-29;11:42;Voiture;Sablassou;212;379
2025-12-29;11:42;Voiture;Saint Jean Le Sec;201;285
2025-12-29;11:42;Voiture;Euromedecine;144;239
2025-12-29;11:42;Voiture;Occitanie;449;615
2025-12-29;11:42;Voiture;Vicarello;34;64
2025-12-29;11:42;Voiture;Gaumont EST;74;109
2025-12-29;11:42;Voiture;Gaumont OUEST;5;250
2025-12-29;11:42;Voiture;Charles de Gaulle;151;260
2025-12-29;11:42;Voiture;Polygone;1371;1911
2025-12-29;11:42;Voiture;Arc de Triomphe;56;440
2025-12-29;11:42;Voiture;Gaumont-Circe;199;500
2025-12-29;11:42;Velo;Rue Jules Ferry - Gare Saint-Roch;5;12
2025-12-29;11:42;Velo;Comédie;14;20
2025-12-29;11:42;Velo;Hôtel de Ville;9;16
2025-12-29;11:42;Velo;Corum;7;12
2025-12-29;11:42;Velo;Place Albert 1er - St Charles;21;27
2025-12-29;11:42;Velo;Foch;2;8
2025-12-29;11:42;Velo;Halles Castellane;12;12
2025-12-29;11:42;Velo;Observatoire;4;8
2025-12-29;11:42;Velo;Rondelet;10;16
2025-12-29;11:42;Velo;Plan Cabanes;5;12
2025-12-29;11:42;Velo;Boutonnet;4;12
2025-12-29;11:42;Velo;Emile Combes;4;8
2025-12-29;11:42;Velo;Beaux-Arts;6;16
2025-12-29;11:42;Velo;Les Aubes;2;8
2025-12-29;11:42;Velo;Antigone centre;12;12
2025-12-29;11:42;Velo;Médiathèque Emile Zola;11;16
2025-12-29;11:42;Velo;Nombre d Or;10;16
2025-12-29;11:42;Velo;Louis Blanc;13;16
2025-12-29;11:42;Velo;Gambetta;4;8
2025-12-29;11:42;Velo;Port Marianne;9;16
2025-12-29;11:42;Velo;Les Arceaux;3;8
2025-12-29;11:42;Velo;Cité Mion;4;8
2025-12-29;11:42;Velo;Nouveau Saint-Roch;5;8
2025-12-29;11:42;Velo;Renouvier;6;8
2025-12-29;11:42;Velo;Odysseum;8;8
2025-12-29;11:42;Velo;Saint-Denis;8;8
2025-12-29;11:42;Velo;Richter;13;16
2025-12-29;11:42;Velo;Charles Flahault;8;8
2025-12-29;11:42;Velo;Voltaire;3;8
2025-12-29;11:42;Velo;Prés d Arènes;4;8
2025-12-29;11:42;Velo;Garcia Lorca;2;8
2025-12-29;11:42;Velo;Vert Bois;12;16
2025-12-29;11:42;Velo;Malbosc;7;8
2025-12-29;11:42;Velo;Occitanie;19;32
2025-12-29;11:42;Velo;FacdesSciences;15;24
2025-12-29;11:42;Velo;Fac de Lettres;7;12
2025-12-29;11:42;Velo;Aiguelongue;5;8
2025-12-29;11:42;Velo;Jeu de Mail des Abbés;7;8
2025-12-29;11:42;Velo;Euromédecine;7;8
2025-12-29;11:42;Velo;Marie Caizergues;7;8
2025-12-29;11:42;Velo;Sabines;8;8
2025-12-29;11:42;Velo;Celleneuve;4;8
2025-12-29;11:42;Velo;Jardin de la Lironde;3;8
2025-12-29;11:42;Velo;Père Soulas;1;8
2025-12-29;11:42;Velo;Place Viala;2;8
2025-12-29;11:42;Velo;Hôtel du Département;3;8
2025-12-29;11:42;Velo;Tonnelles;7;8
2025-12-29;11:42;Velo;Parvis Jules Ferry - Gare Saint-Roch;7;8
2025-12-29;11:42;Velo;Pont de Lattes - Gare Saint-Roch;9;12
2025-12-29;11:42;Velo;Deux Ponts - Gare Saint-Roch;8;8
2025-12-29;11:42;Velo;Providence - Ovalie;8;8
2025-12-29;11:42;Velo;Pérols Etang de l Or;12;68
2025-12-29;11:42;Velo;Albert 1er - Cathédrale;10;12
2025-12-29;11:42;Velo;Saint-Guilhem - Courreau;4;8
2025-12-29;11:42;Velo;Sud De France;3;8
2025-12-29;11:42;Velo;Comedie Baudin;8;8
2025-12-29;11:42;Velo;Jean de Beins;16;16
2025-12-29;12:55;Voiture;Antigone;157;239
2025-12-29;12:55;Voiture;Comedie;218;664
2025-12-29;12:55;Voiture;Corum;219;480
2025-12-29;12:55;Voiture;Europa;371;591
2025-12-29;12:55;Voiture;Foch;454;620
2025-12-29;12:55;Voiture;Gambetta;114;452
2025-12-29;12:55;Voiture;Gare;356;656
2025-12-29;12:55;Voiture;Triangle;198;434
2025-12-29;12:55;Voiture;Pitot;314;590
2025-12-29;12:55;Voiture;Circe;700;1200
2025-12-29;12:55;Voiture;Garcia Lorca;364;400
2025-12-29;12:55;Voiture;Mosson;223;328
2025-12-29;12:55;Voiture;Sabines;65;285
2025-12-29;12:55;Voiture;Sablassou;207;379
2025-12-29;12:55;Voiture;Saint Jean Le Sec;204;285
2025-12-29;12:55;Voiture;Euromedecine;142;239
2025-12-29;12:55;Voiture;Occitanie;443;615
2025-12-29;12:55;Voiture;Vicarello;35;64
2025-12-29;12:55;Voiture;Gaumont EST;74;109
2025-12-29;12:55;Voiture;Gaumont OUEST;5;250
2025-12-29;12:55;Voiture;Charles de Gaulle;154;260
2025-12-29;12:55;Voiture;Polygone;1273;1911
2025-12-29;12:55;Voiture;Arc de Triomphe;38;440
2025-12-29;12:55;Voiture;Gaumont-Circe;199;500
2025-12-29;12:55;Velo;Rue Jules Ferry - Gare Saint-Roch;5;12
2025-12-29;12:55;Velo;Comédie;14;20
2025-12-29;12:55;Velo;Hôtel de Ville;10;16
2025-12-29;12:55;Velo;Corum;7;12
2025-12-29;12:55;Velo;Place Albert 1er - St Charles;21;27
2025-12-29;12:55;Velo;Foch;2;8
2025-12-29;12:55;Velo;Halles Castellane;12;12
2025-12-29;12:55;Velo;Observatoire;4;8
2025-12-29;12:55;Velo;Rondelet;10;16
2025-12-29;12:55;Velo;Plan Cabanes;5;12
2025-12-29;12:55;Velo;Boutonnet;4;12
2025-12-29;12:55;Velo;Emile Combes;4;8
2025-12-29;12:55;Velo;Beaux-Arts;6;16
2025-12-29;12:55;Velo;Les Aubes;2;8
2025-12-29;12:55;Velo;Antigone centre;12;12
2025-12-29;12:55;Velo;Médiathèque Emile Zola;10;16
2025-12-29;12:55;Velo;Nombre d Or;9;16
2025-12-29;12:55;Velo;Louis Blanc;13;16
2025-12-29;12:55;Velo;Gambetta;4;8
2025-12-29;12:55;Velo;Port Marianne;6;16
2025-12-29;12:55;Velo;Les Arceaux;3;8
2025-12-29;12:55;Velo;Cité Mion;4;8
2025-12-29;12:55;Velo;Nouveau Saint-Roch;5;8
2025-12-29;12:55;Velo;Renouvier;6;8
2025-12-29;12:55;Velo;Odysseum;8;8
2025-12-29;12:55;Velo;Saint-Denis;8;8
2025-12-29;12:55;Velo;Richter;13;16
2025-12-29;12:55;Velo;Charles Flahault;8;8
2025-12-29;12:55;Velo;Voltaire;3;8
2025-12-29;12:55;Velo;Prés d Arènes;4;8
2025-12-29;12:55;Velo;Garcia Lorca;2;8
2025-12-29;12:55;Velo;Vert Bois;12;16
2025-12-29;12:55;Velo;Malbosc;7;8
2025-12-29;12:55;Velo;Occitanie;19;32
2025-12-29;12:55;Velo;FacdesSciences;15;24
2025-12-29;12:55;Velo;Fac de Lettres;7;12
2025-12-29;12:55;Velo;Aiguelongue;6;8
2025-12-29;12:55;Velo;Jeu de Mail des Abbés;7;8
2025-12-29;12:55;Velo;Euromédecine;7;8
2025-12-29;12:55;Velo;Marie Caizergues;7;8
2025-12-29;12:55;Velo;Sabines;8;8
2025-12-29;12:55;Velo;Celleneuve;4;8
2025-12-29;12:55;Velo;Jardin de la Lironde;5;8
2025-12-29;12:55;Velo;Père Soulas;1;8
2025-12-29;12:55;Velo;Place Viala;2;8
2025-12-29;12:55;Velo;Hôtel du Département;3;8
2025-12-29;12:55;Velo;Tonnelles;7;8
2025-12-29;12:55;Velo;Parvis Jules Ferry - Gare Saint-Roch;7;8
2025-12-29;12:55;Velo;Pont de Lattes - Gare Saint-Roch;10;12
2025-12-29;12:55;Velo;Deux Ponts - Gare Saint-Roch;8;8
2025-12-29;12:55;Velo;Providence - Ovalie;8;8
2025-12-29;12:55;Velo;Pérols Etang de l Or;16;68
2025-12-29;12:55;Velo;Albert 1er - Cathédrale;10;12
2025-12-29;12:55;Velo;Saint-Guilhem - Courreau;4;8
2025-12-29;12:55;Velo;Sud De France;3;8
2025-12-29;12:55;Velo;Comedie Baudin;8;8
2025-12-29;12:55;Velo;Jean de Beins;15;16
2025-12-29;13:40;Voiture;Antigone;156;239
2025-12-29;13:40;Voiture;Comedie;217;664
2025-12-29;13:40;Voiture;Corum;210;480
2025-12-29;13:40;Voiture;Europa;362;591
2025-12-29;13:40;Voiture;Foch;440;620
2025-12-29;13:40;Voiture;Gambetta;117;452
2025-12-29;13:40;Voiture;Gare;368;656
2025-12-29;13:40;Voiture;Triangle;198;434
2025-12-29;13:40;Voiture;Pitot;294;590
2025-12-29;13:40;Voiture;Circe;660;1200
2025-12-29;13:40;Voiture;Garcia Lorca;357;400
2025-12-29;13:40;Voiture;Mosson;219;328
2025-12-29;13:40;Voiture;Sabines;59;285
2025-12-29;13:40;Voiture;Sablassou;201;379
2025-12-29;13:40;Voiture;Saint Jean Le Sec;200;285
2025-12-29;13:40;Voiture;Euromedecine;137;239
2025-12-29;13:40;Voiture;Occitanie;431;615
2025-12-29;13:40;Voiture;Vicarello;30;64
2025-12-29;13:40;Voiture;Gaumont EST;74;109
2025-12-29;13:40;Voiture;Gaumont OUEST;5;250
2025-12-29;13:40;Voiture;Charles de Gaulle;148;260
2025-12-29;13:40;Voiture;Polygone;1206;1911
2025-12-29;13:40;Voiture;Arc de Triomphe;37;440
2025-12-29;13:40;Voiture;Gaumont-Circe;199;500
2025-12-29;13:40;Velo;Rue Jules Ferry - Gare Saint-Roch;5;12
2025-12-29;13:40;Velo;Comédie;14;20
2025-12-29;13:40;Velo;Hôtel de Ville;10;16
2025-12-29;13:40;Velo;Corum;6;12
2025-12-29;13:40;Velo;Place Albert 1er - St Charles;21;27
2025-12-29;13:40;Velo;Foch;2;8
2025-12-29;13:40;Velo;Halles Castellane;12;12
2025-12-29;13:40;Velo;Observatoire;4;8
2025-12-29;13:40;Velo;Rondelet;10;16
2025-12-29;13:40;Velo;Plan Cabanes;5;12
2025-12-29;13:40;Velo;Boutonnet;4;12
2025-12-29;13:40;Velo;Emile Combes;4;8
2025-12-29;13:40;Velo;Beaux-Arts;6;16
2025-12-29;13:40;Velo;Les Aubes;2;8
2025-12-29;13:40;Velo;Antigone centre;12;12
2025-12-29;13:40;Velo;Médiathèque Emile Zola;12;16
2025-12-29;13:40;Velo;Nombre d Or;7;16
2025-12-29;13:40;Velo;Louis Blanc;14;16
2025-12-29;13:40;Velo;Gambetta;3;8
2025-12-29;13:40;Velo;Port Marianne;6;16
2025-12-29;13:40;Velo;Les Arceaux;2;8
2025-12-29;13:40;Velo;Cité Mion;4;8
2025-12-29;13:40;Velo;Nouveau Saint-Roch;5;8
2025-12-29;13:40;Velo;Renouvier;6;8
2025-12-29;13:40;Velo;Odysseum;8;8
2025-12-29;13:40;Velo;Saint-Denis;8;8
2025-12-29;13:40;Velo;Richter;13;16
2025-12-29;13:40;Velo;Charles Flahault;8;8
2025-12-29;13:40;Velo;Voltaire;3;8
2025-12-29;13:40;Velo;Prés d Arènes;4;8
2025-12-29;13:40;Velo;Garcia Lorca;2;8
2025-12-29;13:40;Velo;Vert Bois;12;16
2025-12-29;13:40;Velo;Malbosc;7;8
2025-12-29;13:40;Velo;Occitanie;19;32
2025-12-29;13:40;Velo;FacdesSciences;15;24
2025-12-29;13:40;Velo;Fac de Lettres;7;12
2025-12-29;13:40;Velo;Aiguelongue;6;8
2025-12-29;13:40;Velo;Jeu de Mail des Abbés;7;8
2025-12-29;13:40;Velo;Euromédecine;7;8
2025-12-29;13:40;Velo;Marie Caizergues;7;8
2025-12-29;13:40;Velo;Sabines;8;8
2025-12-29;13:40;Velo;Celleneuve;4;8
2025-12-29;13:40;Velo;Jardin de la Lironde;5;8
2025-12-29;13:40;Velo;Père Soulas;1;8
2025-12-29;13:40;Velo;Place Viala;2;8
2025-12-29;13:40;Velo;Hôtel du Département;3;8
2025-12-29;13:40;Velo;Tonnelles;7;8
2025-12-29;13:40;Velo;Parvis Jules Ferry - Gare Saint-Roch;7;8
2025-12-29;13:40;Velo;Pont de Lattes - Gare Saint-Roch;10;12
2025-12-29;13:40;Velo;Deux Ponts - Gare Saint-Roch;8;8
2025-12-29;13:40;Velo;Providence - Ovalie;8;8
2025-12-29;13:40;Velo;Pérols Etang de l Or;16;68
2025-12-29;13:40;Velo;Albert 1er - Cathédrale;10;12
2025-12-29;13:40;Velo;Saint-Guilhem - Courreau;4;8
2025-12-29;13:40;Velo;Sud De France;3;8
2025-12-29;13:40;Velo;Comedie Baudin;8;8
2025-12-29;13:40;Velo;Jean de Beins;15;16
2025-12-29;14:27;Voiture;Antigone;161;239
2025-12-29;14:27;Voiture;Comedie;188;664
2025-12-29;14:27;Voiture;Corum;204;480
2025-12-29;14:27;Voiture;Europa;364;591
2025-12-29;14:27;Voiture;Foch;442;620
2025-12-29;14:27;Voiture;Gambetta;110;452
2025-12-29;14:27;Voiture;Gare;368;656
2025-12-29;14:27;Voiture;Triangle;168;434
2025-12-29;14:27;Voiture;Pitot;286;590
2025-12-29;14:27;Voiture;Circe;623;1200
2025-12-29;14:27;Voiture;Garcia Lorca;360;400
2025-12-29;14:27;Voiture;Mosson;211;328
2025-12-29;14:27;Voiture;Sabines;53;285
2025-12-29;14:27;Voiture;Sablassou;196;379
2025-12-29;14:27;Voiture;Saint Jean Le Sec;200;285
2025-12-29;14:27;Voiture;Euromedecine;137;239
2025-12-29;14:27;Voiture;Occitanie;425;615
2025-12-29;14:27;Voiture;Vicarello;28;64
2025-12-29;14:27;Voiture;Gaumont EST;74;109
2025-12-29;14:27;Voiture;Gaumont OUEST;5;250
2025-12-29;14:27;Voiture;Charles de Gaulle;154;260
2025-12-29;14:27;Voiture;Polygone;1530;1911
2025-12-29;14:27;Voiture;Arc de Triomphe;41;440
2025-12-29;14:27;Voiture;Gaumont-Circe;199;500
2025-12-29;14:27;Velo;Rue Jules Ferry - Gare Saint-Roch;5;12
2025-12-29;14:27;Velo;Comédie;14;20
2025-12-29;14:27;Velo;Hôtel de Ville;10;16
2025-12-29;14:27;Velo;Corum;6;12
2025-12-29;14:27;Velo;Place Albert 1er - St Charles;21;27
2025-12-29;14:27;Velo;Foch;2;8
2025-12-29;14:27;Velo;Halles Castellane;12;12
2025-12-29;14:27;Velo;Observatoire;4;8
2025-12-29;14:27;Velo;Rondelet;11;16
2025-12-29;14:27;Velo;Plan Cabanes;5;12
2025-12-29;14:27;Velo;Boutonnet;4;12
2025-12-29;14:27;Velo;Emile Combes;4;8
2025-12-29;14:27;Velo;Beaux-Arts;7;16
2025-12-29;14:27;Velo;Les Aubes;3;8
2025-12-29;14:27;Velo;Antigone centre;12;12
2025-12-29;14:27;Velo;Médiathèque Emile Zola;14;16
2025-12-29;14:27;Velo;Nombre d Or;8;16
2025-12-29;14:27;Velo;Louis Blanc;14;16
2025-12-29;14:27;Velo;Gambetta;3;8
2025-12-29;14:27;Velo;Port Marianne;5;16
2025-12-29;14:27;Velo;Les Arceaux;2;8
2025-12-29;14:27;Velo;Cité Mion;4;8
2025-12-29;14:27;Velo;Nouveau Saint-Roch;6;8
2025-12-29;14:27;Velo;Renouvier;6;8
2025-12-29;14:27;Velo;Odysseum;8;8
2025-12-29;14:27;Velo;Saint-Denis;8;8
2025-12-29;14:27;Velo;Richter;13;16
2025-12-29;14:27;Velo;Charles Flahault;8;8
2025-12-29;14:27;Velo;Voltaire;3;8
2025-12-29;14:27;Velo;Prés d Arènes;4;8
2025-12-29;14:27;Velo;Garcia Lorca;3;8
2025-12-29;14:27;Velo;Vert Bois;12;16
2025-12-29;14:27;Velo;Malbosc;8;8
2025-12-29;14:27;Velo;Occitanie;19;32
2025-12-29;14:27;Velo;FacdesSciences;15;24
2025-12-29;14:27;Velo;Fac de Lettres;7;12
2025-12-29;14:27;Velo;Aiguelongue;6;8
2025-12-29;14:27;Velo;Jeu de Mail des Abbés;7;8
2025-12-29;14:27;Velo;Euromédecine;8;8
2025-12-29;14:27;Velo;Marie Caizergues;7;8
2025-12-29;14:27;Velo;Sabines;8;8
2025-12-29;14:27;Velo;Celleneuve;4;8
2025-12-29;14:27;Velo;Jardin de la Lironde;5;8
2025-12-29;14:27;Velo;Père Soulas;1;8
2025-12-29;14:27;Velo;Place Viala;2;8
2025-12-29;14:27;Velo;Hôtel du Département;3;8
2025-12-29;14:27;Velo;Tonnelles;7;8
2025-12-29;14:27;Velo;Parvis Jules Ferry - Gare Saint-Roch;7;8
2025-12-29;14:27;Velo;Pont de Lattes - Gare Saint-Roch;10;12
2025-12-29;14:27;Velo;Deux Ponts - Gare Saint-Roch;8;8
2025-12-29;14:27;Velo;Providence - Ovalie;8;8
2025-12-29;14:27;Velo;Pérols Etang de l Or;18;68
2025-12-29;14:27;Velo;Albert 1er - Cathédrale;10;12
2025-12-29;14:27;Velo;Saint-Guilhem - Courreau;4;8
2025-12-29;14:27;Velo;Sud De France;4;8
2025-12-29;14:27;Velo;Comedie Baudin;8;8
2025-12-29;14:27;Velo;Jean de Beins;15;16
